tracking_timestamp_us,left_yaw_rads_cpf,right_yaw_rads_cpf,pitch_rads_cpf,depth_m,left_yaw_low_rads_cpf,right_yaw_low_rads_cpf,pitch_low_rads_cpf,left_yaw_high_rads_cpf,right_yaw_high_rads_cpf,pitch_high_rads_cpf,tx_left_eye_cpf,ty_left_eye_cpf,tz_left_eye_cpf,tx_right_eye_cpf,ty_right_eye_cpf,tz_right_eye_cpf,session_uid
148502622,0.801510214805603,0.7736955881118774,-0.020560525357723236,1.598123690675182,0.7606977224349976,0.7367350459098816,-0.06001441180706024,0.8354454040527344,0.8106903433799744,0.02297864481806755,0.0315,0.0,0.0,-0.0315,0.0,0.0,9123c598-cbed-4083-997a-e42195bde05f
148602622,0.7955197095870972,0.7748700976371765,-0.01710202544927597,2.1578350791793324,0.753427267074585,0.7381768226623535,-0.056730300188064575,0.8300889730453491,0.8118343949317932,0.02748214080929756,0.0315,0.0,0.0,-0.0315,0.0,0.0,9123c598-cbed-4083-997a-e42195bde05f
148702622,0.7997089624404907,0.7564366459846497,-0.014426376670598984,1.0368806220006044,0.7574641108512878,0.721099317073822,-0.054115697741508484,0.8344878554344177,0.7920845150947571,0.029767680913209915,0.0315,0.0,0.0,-0.0315,0.0,0.0,9123c598-cbed-4083-997a-e42195bde05f
148802622,0.7628742456436157,0.7579305768013,0.0014647841453552246,4.0,0.7255091667175293,0.7223403453826904,-0.03586597740650177,0.7948311567306519,0.7941254377365112,0.04386528208851814,0.0315,0.0,0.0,-0.0315,0.0,0.0,9123c598-cbed-4083-997a-e42195bde05f
148902622,0.1593138426542282,0.29637911915779114,-0.1196485310792923,0.45010876904080493,0.04918903484940529,0.08526057749986649,-0.24969282746315002,0.2552869915962219,0.4982670545578003,0.07031446695327759,0.0315,0.0,0.0,-0.0315,0.0,0.0,9123c598-cbed-4083-997a-e42195bde05f
149002622,0.2091211974620819,0.12529954314231873,-0.22998720407485962,0.7601595759742799,0.1870686113834381,0.097512386739254,-0.2652546167373657,0.2293710708618164,0.15339435636997223,-0.18015719950199127,0.0315,0.0,0.0,-0.0315,0.0,0.0,9123c598-cbed-4083-997a-e42195bde05f
149102622,0.5713930130004883,0.47174426913261414,-0.1570468246936798,0.5528364072438308,0.5438159704208374,0.441961407661438,-0.19180911779403687,0.5969962477684021,0.49919140338897705,-0.12558867037296295,0.0315,0.0,0.0,-0.0315,0.0,0.0,9123c598-cbed-4083-997a-e42195bde05f
149202622,0.5802721977233887,0.6123946309089661,-0.1645553708076477,1.6378364276132475,0.552506148815155,0.5836212038993835,-0.1947350651025772,0.6057046055793762,0.6409421563148499,-0.13518337905406952,0.0315,0.0,0.0,-0.0315,0.0,0.0,9123c598-cbed-4083-997a-e42195bde05f
149302622,0.5300153493881226,0.46519196033477783,-0.14697453379631042,0.8609015732427346,0.5045327544212341,0.4372541308403015,-0.17970404028892517,0.554680347442627,0.49162542819976807,-0.11672613024711609,0.0315,0.0,0.0,-0.0315,0.0,0.0,9123c598-cbed-4083-997a-e42195bde05f
149402622,0.23459520936012268,0.20096948742866516,-0.1965382844209671,1.8633811226298906,-0.05903792381286621,0.12302055209875107,-0.31524577736854553,0.4885186553001404,0.27805954217910767,0.014125000685453415,0.0315,0.0,0.0,-0.0315,0.0,0.0,9123c598-cbed-4083-997a-e42195bde05f
149502622,0.21538883447647095,0.1457291841506958,-0.26887795329093933,0.9214274282399136,0.19366440176963806,0.1168067455291748,-0.30349215865135193,0.2354079782962799,0.17479680478572845,-0.21737706661224365,0.0315,0.0,0.0,-0.0315,0.0,0.0,9123c598-cbed-4083-997a-e42195bde05f
149602622,0.08187894523143768,0.035294659435749054,-0.24868836998939514,1.3925219866689618,0.06445935368537903,0.01355857402086258,-0.278476357460022,0.09913351386785507,0.057507291436195374,-0.2075948566198349,0.0315,0.0,0.0,-0.0315,0.0,0.0,9123c598-cbed-4083-997a-e42195bde05f
149702622,0.06526509672403336,0.002837520092725754,-0.27426764369010925,1.0473602074164232,0.04786321893334389,-0.017712414264678955,-0.30391716957092285,0.08250577002763748,0.023630432784557343,-0.2335587441921234,0.0315,0.0,0.0,-0.0315,0.0,0.0,9123c598-cbed-4083-997a-e42195bde05f
149802622,0.0584070086479187,0.00030270591378211975,-0.27171790599823,1.1247157315352219,0.04226831719279289,-0.019496388733386993,-0.300245463848114,0.07513049989938736,0.020278729498386383,-0.23312309384346008,0.0315,0.0,0.0,-0.0315,0.0,0.0,9123c598-cbed-4083-997a-e42195bde05f
149902622,0.06105905771255493,0.003895998001098633,-0.2618670165538788,1.1400566655433413,0.04481859132647514,-0.016267679631710052,-0.29060065746307373,0.07780997455120087,0.024537719786167145,-0.22311609983444214,0.0315,0.0,0.0,-0.0315,0.0,0.0,9123c598-cbed-4083-997a-e42195bde05f
150002622,0.06820185482501984,0.009127557277679443,-0.25750869512557983,1.101618117889826,0.05214546248316765,-0.011482201516628265,-0.2863388657569885,0.08459841459989548,0.03028753027319908,-0.21819449961185455,0.0315,0.0,0.0,-0.0315,0.0,0.0,9123c598-cbed-4083-997a-e42195bde05f
150102622,0.07148115336894989,0.008534245193004608,-0.2694268822669983,1.0370692833024284,0.055556509643793106,-0.011455066502094269,-0.2980835735797882,0.08777109533548355,0.028589647263288498,-0.23077203333377838,0.0315,0.0,0.0,-0.0315,0.0,0.0,9123c598-cbed-4083-997a-e42195bde05f
150202622,0.07088713347911835,0.012677434831857681,-0.27443331480026245,1.1229983699536896,0.05425490811467171,-0.0074425265192985535,-0.3032444417476654,0.08758405596017838,0.03267510607838631,-0.2364879548549652,0.0315,0.0,0.0,-0.0315,0.0,0.0,9123c598-cbed-4083-997a-e42195bde05f
150302622,0.34729069471359253,0.25350329279899597,-0.34598085284233093,0.6781131981155722,0.32162368297576904,0.22864624857902527,-0.37861281633377075,0.3735567629337311,0.27684199810028076,-0.3098757266998291,0.0315,0.0,0.0,-0.0315,0.0,0.0,9123c598-cbed-4083-997a-e42195bde05f
150402622,0.348124235868454,0.28423362970352173,-0.35846561193466187,0.9944729375701826,0.32920482754707336,0.2570958733558655,-0.38915878534317017,0.3676699995994568,0.3094082474708557,-0.32665836811065674,0.0315,0.0,0.0,-0.0315,0.0,0.0,9123c598-cbed-4083-997a-e42195bde05f
150502622,0.34058988094329834,0.27536556124687195,-0.34629783034324646,0.9729915229292001,0.32230785489082336,0.2476220279932022,-0.377086877822876,0.3594830334186554,0.30111658573150635,-0.31449106335639954,0.0315,0.0,0.0,-0.0315,0.0,0.0,9123c598-cbed-4083-997a-e42195bde05f
150602622,0.33549702167510986,0.26082637906074524,-0.3713317811489105,0.8601205801928491,0.3169373869895935,0.23426054418087006,-0.4020351767539978,0.35492560267448425,0.28538528084754944,-0.33926016092300415,0.0315,0.0,0.0,-0.0315,0.0,0.0,9123c598-cbed-4083-997a-e42195bde05f
150702622,0.09518618881702423,0.023210138082504272,-0.3007158935070038,0.9142745479417737,0.07949487864971161,-0.02538895606994629,-0.3379790484905243,0.11135024577379227,0.0711703822016716,-0.23861382901668549,0.0315,0.0,0.0,-0.0315,0.0,0.0,9123c598-cbed-4083-997a-e42195bde05f
150802622,0.09918434917926788,0.03723336011171341,-0.30652913451194763,1.0636070743130115,0.08291736245155334,0.004922959953546524,-0.33899813890457153,0.11559704691171646,0.06957289576530457,-0.25583481788635254,0.0315,0.0,0.0,-0.0315,0.0,0.0,9123c598-cbed-4083-997a-e42195bde05f
150902622,0.08473879098892212,0.018360722810029984,-0.33512893319129944,1.0031720196327145,0.0692128986120224,-0.0017198286950588226,-0.3640632629394531,0.10084269195795059,0.038018666207790375,-0.29501914978027344,0.0315,0.0,0.0,-0.0315,0.0,0.0,9123c598-cbed-4083-997a-e42195bde05f
151002622,0.07856354862451553,0.017313465476036072,-0.36113446950912476,1.097726791166034,0.06223149225115776,-0.0028594061732292175,-0.3904273509979248,0.09512976557016373,0.037198565900325775,-0.31800079345703125,0.0315,0.0,0.0,-0.0315,0.0,0.0,9123c598-cbed-4083-997a-e42195bde05f
151102622,-0.014234255999326706,-0.06884223222732544,-0.3460274040699005,1.2248834529248314,-0.03183145076036453,-0.088417187333107,-0.3759121298789978,0.004191230982542038,-0.04923620820045471,-0.30315810441970825,0.0315,0.0,0.0,-0.0315,0.0,0.0,9123c598-cbed-4083-997a-e42195bde05f
151202622,-0.00728486105799675,-0.07104374468326569,-0.3264418840408325,1.0419537132751175,-0.0245549026876688,-0.08975452184677124,-0.35570454597473145,0.010871056467294693,-0.052477121353149414,-0.2852820158004761,0.0315,0.0,0.0,-0.0315,0.0,0.0,9123c598-cbed-4083-997a-e42195bde05f
151302622,0.007870715111494064,-0.04783031716942787,-0.3154010474681854,1.1891570905475375,-0.010483309626579285,-0.06620515137910843,-0.3447607755661011,0.026477821171283722,-0.029696322977542877,-0.27306270599365234,0.0315,0.0,0.0,-0.0315,0.0,0.0,9123c598-cbed-4083-997a-e42195bde05f
151402622,0.031350888311862946,-0.018884342163801193,-0.320090115070343,1.3209019131555537,0.013958524912595749,-0.0374995693564415,-0.34876585006713867,0.04896856099367142,-0.0004479736089706421,-0.27800673246383667,0.0315,0.0,0.0,-0.0315,0.0,0.0,9123c598-cbed-4083-997a-e42195bde05f
151502622,0.05713557451963425,0.008750710636377335,-0.3255237340927124,1.3731401610002825,0.04089521989226341,-0.010537825524806976,-0.3542819619178772,0.0736222192645073,0.027834970504045486,-0.28489065170288086,0.0315,0.0,0.0,-0.0315,0.0,0.0,9123c598-cbed-4083-997a-e42195bde05f
151602622,0.06919797509908676,0.01603928580880165,-0.3502695560455322,1.2601660861608022,0.052946414798498154,-0.0036882199347019196,-0.3789363503456116,0.08568299561738968,0.035506173968315125,-0.30913758277893066,0.0315,0.0,0.0,-0.0315,0.0,0.0,9123c598-cbed-4083-997a-e42195bde05f
151702622,0.07175831496715546,0.012217305600643158,-0.37814104557037354,1.1370520460674949,0.05498238280415535,-0.016248740255832672,-0.41050010919570923,0.0888001099228859,0.040199823677539825,-0.32537442445755005,0.0315,0.0,0.0,-0.0315,0.0,0.0,9123c598-cbed-4083-997a-e42195bde05f
151802622,0.06776649504899979,0.004703499376773834,-0.4124678671360016,1.0892605479283275,0.04940829053521156,-0.016523927450180054,-0.44387054443359375,0.08650533109903336,0.02591714635491371,-0.36405089497566223,0.0315,0.0,0.0,-0.0315,0.0,0.0,9123c598-cbed-4083-997a-e42195bde05f
151902622,0.055751778185367584,0.0006607100367546082,-0.41826146841049194,1.250543202858574,0.03698786720633507,-0.02041250467300415,-0.4495673179626465,0.07488967478275299,0.021453384310007095,-0.3716634511947632,0.0315,0.0,0.0,-0.0315,0.0,0.0,9123c598-cbed-4083-997a-e42195bde05f
152002622,0.05859547108411789,-0.0004744119942188263,-0.4157570004463196,1.1649397360445446,0.03992791101336479,-0.02170715481042862,-0.4469524025917053,0.07729560881853104,0.020710766315460205,-0.36799246072769165,0.0315,0.0,0.0,-0.0315,0.0,0.0,9123c598-cbed-4083-997a-e42195bde05f
152102622,0.040988266468048096,-0.007548686116933823,-0.39931780099868774,1.4083135060037488,0.022006209939718246,-0.02794322371482849,-0.4299461841583252,0.06004703789949417,0.012740354984998703,-0.3522128462791443,0.0315,0.0,0.0,-0.0315,0.0,0.0,9123c598-cbed-4083-997a-e42195bde05f
152202622,0.0398116335272789,-2.4937093257904053e-05,-0.4253484308719635,1.7355305336100495,0.01808815822005272,-0.021254025399684906,-0.4575962424278259,0.06134498119354248,0.02130398526787758,-0.3746931552886963,0.0315,0.0,0.0,-0.0315,0.0,0.0,9123c598-cbed-4083-997a-e42195bde05f
152302622,0.04798346012830734,-8.982047438621521e-05,-0.4342827796936035,1.4438326991821313,0.02817031368613243,-0.02257148176431656,-0.46655988693237305,0.06872966140508652,0.02266538143157959,-0.38669174909591675,0.0315,0.0,0.0,-0.0315,0.0,0.0,9123c598-cbed-4083-997a-e42195bde05f
152402622,0.06931301951408386,0.002055589109659195,-0.4284714460372925,1.0286337567097443,0.04948830232024193,-0.03321319818496704,-0.464836061000824,0.0898795798420906,0.03755932301282883,-0.3685290515422821,0.0315,0.0,0.0,-0.0315,0.0,0.0,9123c598-cbed-4083-997a-e42195bde05f
152502622,0.0969710648059845,0.024343930184841156,-0.42674484848976135,0.9504319671369565,0.07748048007488251,-0.016875654458999634,-0.46378588676452637,0.11710124462842941,0.0649445652961731,-0.3639805018901825,0.0315,0.0,0.0,-0.0315,0.0,0.0,9123c598-cbed-4083-997a-e42195bde05f
152602622,0.11791743338108063,0.043361421674489975,-0.4148368835449219,0.9194030156684975,0.09927278757095337,-0.009212411940097809,-0.45481961965560913,0.13717693090438843,0.09374992549419403,-0.34730714559555054,0.0315,0.0,0.0,-0.0315,0.0,0.0,9123c598-cbed-4083-997a-e42195bde05f
152702622,0.13193146884441376,0.05292151868343353,-0.42209479212760925,0.8692762041330606,0.11340765655040741,0.019242383539676666,-0.4564741253852844,0.1508556306362152,0.08563125133514404,-0.3711469769477844,0.0315,0.0,0.0,-0.0315,0.0,0.0,9123c598-cbed-4083-997a-e42195bde05f
152802622,0.14332325756549835,0.056792136281728745,-0.4284903407096863,0.7952361335458606,0.1243852972984314,0.015303310006856918,-0.46572697162628174,0.16262736916542053,0.09666977822780609,-0.37260907888412476,0.0315,0.0,0.0,-0.0315,0.0,0.0,9123c598-cbed-4083-997a-e42195bde05f
152902622,0.16227902472019196,0.07970327138900757,-0.4538882076740265,0.8410174946485262,0.14192180335521698,0.05610314756631851,-0.48616695404052734,0.18268084526062012,0.10300151258707047,-0.4095054566860199,0.0315,0.0,0.0,-0.0315,0.0,0.0,9123c598-cbed-4083-997a-e42195bde05f
153002622,0.16823026537895203,0.09373562037944794,-0.4602237343788147,0.9338112528042914,0.14828500151634216,0.07169892638921738,-0.4913938045501709,0.1884007751941681,0.11523640155792236,-0.42047643661499023,0.0315,0.0,0.0,-0.0315,0.0,0.0,9123c598-cbed-4083-997a-e42195bde05f
153102622,0.16940833628177643,0.10692089796066284,-0.46711865067481995,1.115890328692816,0.1504976749420166,0.08498300611972809,-0.4977306127548218,0.18894007802009583,0.12815314531326294,-0.42805254459381104,0.0315,0.0,0.0,-0.0315,0.0,0.0,9123c598-cbed-4083-997a-e42195bde05f
153202622,0.163798987865448,0.10598531365394592,-0.4646100699901581,1.2053100437020978,0.14460596442222595,0.08400220423936844,-0.49509406089782715,0.18353840708732605,0.1273406445980072,-0.4263882637023926,0.0315,0.0,0.0,-0.0315,0.0,0.0,9123c598-cbed-4083-997a-e42195bde05f
153302622,0.18457232415676117,0.11725309491157532,-0.4954703450202942,1.0485793547781392,0.16413266956806183,0.09487156569957733,-0.5271081328392029,0.20545902848243713,0.1388138085603714,-0.4555079936981201,0.0315,0.0,0.0,-0.0315,0.0,0.0,9123c598-cbed-4083-997a-e42195bde05f
153402622,0.22206181287765503,0.11272552609443665,-0.5306488871574402,0.6557266813522997,0.19664061069488525,0.08944030106067657,-0.5654343366622925,0.24526488780975342,0.13538186252117157,-0.4826746881008148,0.0315,0.0,0.0,-0.0315,0.0,0.0,9123c598-cbed-4083-997a-e42195bde05f
153502622,0.2263963222503662,0.14210815727710724,-0.5293788313865662,0.8471447118647915,0.1990775167942047,0.1184319257736206,-0.5636138319969177,0.2527594268321991,0.16458755731582642,-0.48489588499069214,0.0315,0.0,0.0,-0.0315,0.0,0.0,9123c598-cbed-4083-997a-e42195bde05f
153602622,0.23350650072097778,0.16916526854038239,-0.5136606097221375,1.0958057692880656,0.20641201734542847,0.1454605609178543,-0.5468178391456604,0.2605326771736145,0.19172191619873047,-0.4733935594558716,0.0315,0.0,0.0,-0.0315,0.0,0.0,9123c598-cbed-4083-997a-e42195bde05f
153702622,0.22589623928070068,0.1473640501499176,-0.5234308838844299,0.9057478497775452,0.2022714614868164,0.12399174273014069,-0.5561271905899048,0.2494579553604126,0.16970659792423248,-0.48290857672691345,0.0315,0.0,0.0,-0.0315,0.0,0.0,9123c598-cbed-4083-997a-e42195bde05f
153802622,0.1961219310760498,0.12831123173236847,-0.5105873942375183,1.0472061542243536,0.1707485318183899,0.10505363345146179,-0.5442390441894531,0.22100287675857544,0.15064513683319092,-0.4658471941947937,0.0315,0.0,0.0,-0.0315,0.0,0.0,9123c598-cbed-4083-997a-e42195bde05f
153902622,0.19673553109169006,0.11782165616750717,-0.5001065731048584,0.8955152814407598,0.1739560216665268,0.09537804871797562,-0.5327067971229553,0.21922877430915833,0.13951866328716278,-0.45618706941604614,0.0315,0.0,0.0,-0.0315,0.0,0.0,9123c598-cbed-4083-997a-e42195bde05f
154002622,0.20969772338867188,0.13310618698596954,-0.4989071190357208,0.9194628033469614,0.18284277617931366,0.1103929653763771,-0.5319932699203491,0.23634177446365356,0.15521100163459778,-0.4541342556476593,0.0315,0.0,0.0,-0.0315,0.0,0.0,9123c598-cbed-4083-997a-e42195bde05f
154102622,0.25424009561538696,0.17414917051792145,-0.5120459794998169,0.8764368272593595,0.2267867922782898,0.15034037828445435,-0.5457818508148193,0.2815973162651062,0.19661471247673035,-0.4710184633731842,0.0315,0.0,0.0,-0.0315,0.0,0.0,9123c598-cbed-4083-997a-e42195bde05f
154202622,0.30438756942749023,0.2237064093351364,-0.5110505819320679,0.8566494683626324,0.2706279754638672,0.19944757223129272,-0.5461892485618591,0.3372590243816376,0.2468636929988861,-0.4682321548461914,0.0315,0.0,0.0,-0.0315,0.0,0.0,9123c598-cbed-4083-997a-e42195bde05f
154302622,0.299296110868454,0.21969236433506012,-0.5117699503898621,0.8698913388202412,0.27097925543785095,0.1954452395439148,-0.5454573631286621,0.3273906111717224,0.2427133321762085,-0.47093063592910767,0.0315,0.0,0.0,-0.0315,0.0,0.0,9123c598-cbed-4083-997a-e42195bde05f
154402622,0.30539029836654663,0.2159310281276703,-0.5368402004241943,0.7843703410544188,0.275632381439209,0.19049514830112457,-0.5715278387069702,0.33446356654167175,0.24076266586780548,-0.4895617663860321,0.0315,0.0,0.0,-0.0315,0.0,0.0,9123c598-cbed-4083-997a-e42195bde05f
154502622,0.304546982049942,0.2121468484401703,-0.5477771759033203,0.7647315397614466,0.27460867166519165,0.18746793270111084,-0.5824124813079834,0.3336440920829773,0.23612266778945923,-0.5006053447723389,0.0315,0.0,0.0,-0.0315,0.0,0.0,9123c598-cbed-4083-997a-e42195bde05f
154602622,0.3198857307434082,0.2169576734304428,-0.5477945804595947,0.684050737315905,0.290461003780365,0.19161078333854675,-0.5827906131744385,0.3486972153186798,0.24150189757347107,-0.5025977492332458,0.0315,0.0,0.0,-0.0315,0.0,0.0,9123c598-cbed-4083-997a-e42195bde05f
154702622,0.2864573895931244,0.2023552805185318,-0.5179653763771057,0.8300237616303286,0.2608757019042969,0.1772611141204834,-0.551536500453949,0.3115040361881256,0.22595389187335968,-0.47724485397338867,0.0315,0.0,0.0,-0.0315,0.0,0.0,9123c598-cbed-4083-997a-e42195bde05f
154802622,0.24814075231552124,0.15782541036605835,-0.49143967032432556,0.7708929761225095,0.22534355521202087,0.13365992903709412,-0.5245065093040466,0.2704964876174927,0.18097802996635437,-0.4491138458251953,0.0315,0.0,0.0,-0.0315,0.0,0.0,9123c598-cbed-4083-997a-e42195bde05f
154902622,0.19493117928504944,0.10924561321735382,-0.47705936431884766,0.8156124910957502,0.17468266189098358,0.08747048676013947,-0.5085611939430237,0.21508890390396118,0.13055291771888733,-0.43614503741264343,0.0315,0.0,0.0,-0.0315,0.0,0.0,9123c598-cbed-4083-997a-e42195bde05f
155002622,0.17186720669269562,0.09530990570783615,-0.4504917562007904,0.9039956217643108,0.15255585312843323,0.07299940288066864,-0.48142439126968384,0.19130975008010864,0.11715249717235565,-0.40893635153770447,0.0315,0.0,0.0,-0.0315,0.0,0.0,9123c598-cbed-4083-997a-e42195bde05f
155102622,0.16431817412376404,0.07959030568599701,-0.4538682699203491,0.8195079597503178,0.14446546137332916,0.0571432039141655,-0.4856565594673157,0.18420818448066711,0.10162776708602905,-0.40990424156188965,0.0315,0.0,0.0,-0.0315,0.0,0.0,9123c598-cbed-4083-997a-e42195bde05f
155202622,0.17082083225250244,0.0876019150018692,-0.49268415570259094,0.8499877691118879,0.14938749372959137,0.06495991349220276,-0.5256858468055725,0.19189012050628662,0.10978107899427414,-0.44760653376579285,0.0315,0.0,0.0,-0.0315,0.0,0.0,9123c598-cbed-4083-997a-e42195bde05f
155302622,0.16546058654785156,0.10214889049530029,-0.5271431803703308,1.1381293560148438,0.14250580966472626,0.07730472832918167,-0.5616244077682495,0.18814828991889954,0.12661762535572052,-0.4793926775455475,0.0315,0.0,0.0,-0.0315,0.0,0.0,9123c598-cbed-4083-997a-e42195bde05f
155402622,0.17982228100299835,0.10692518949508667,-0.5329902172088623,0.9900521917022117,0.15489566326141357,0.07937675714492798,-0.5694282054901123,0.2034715712070465,0.13429559767246246,-0.4784849286079407,0.0315,0.0,0.0,-0.0315,0.0,0.0,9123c598-cbed-4083-997a-e42195bde05f
155502622,0.17050230503082275,0.1409379094839096,-0.543865442276001,2.451998497527955,0.14369218051433563,0.10992687940597534,-0.5807819962501526,0.1950594186782837,0.17190665006637573,-0.4862501919269562,0.0315,0.0,0.0,-0.0315,0.0,0.0,9123c598-cbed-4083-997a-e42195bde05f
155602622,0.17082864046096802,0.14322999119758606,-0.555738627910614,2.64481813898873,0.14327123761177063,0.1117008849978447,-0.5929718017578125,0.195360004901886,0.1750563085079193,-0.4938836991786957,0.0315,0.0,0.0,-0.0315,0.0,0.0,9123c598-cbed-4083-997a-e42195bde05f
155702622,0.1686563491821289,0.1469506174325943,-0.5581660270690918,3.367415327079035,0.10563574731349945,0.10553611069917679,-0.6026718020439148,0.21432974934577942,0.1888771504163742,-0.4630192816257477,0.0315,0.0,0.0,-0.0315,0.0,0.0,9123c598-cbed-4083-997a-e42195bde05f
155802622,0.17450588941574097,0.15130013227462769,-0.5311480164527893,3.0963150301828857,0.1519089937210083,0.12062704563140869,-0.5665561556816101,0.1966017186641693,0.18221734464168549,-0.4783785045146942,0.0315,0.0,0.0,-0.0315,0.0,0.0,9123c598-cbed-4083-997a-e42195bde05f
155902622,0.17207515239715576,0.11137817800045013,-0.5148395895957947,1.1773457894073986,0.1485014259815216,0.08474653959274292,-0.5499373078346252,0.19514408707618713,0.13796067237854004,-0.4645634889602661,0.0315,0.0,0.0,-0.0315,0.0,0.0,9123c598-cbed-4083-997a-e42195bde05f
156002622,0.1488332450389862,0.09061004221439362,-0.5162331461906433,1.2327718426388468,0.11432263255119324,0.06485559791326523,-0.5522559285163879,0.17754516005516052,0.11670120805501938,-0.4549616873264313,0.0315,0.0,0.0,-0.0315,0.0,0.0,9123c598-cbed-4083-997a-e42195bde05f
156102622,0.13775664567947388,0.08144625276327133,-0.5036453008651733,1.2676436406708862,0.09007799625396729,0.0553942546248436,-0.5414744019508362,0.17446786165237427,0.10819750279188156,-0.4306698441505432,0.0315,0.0,0.0,-0.0315,0.0,0.0,9123c598-cbed-4083-997a-e42195bde05f
156202622,0.14375674724578857,0.08723136782646179,-0.5246337652206421,1.2766791665781683,0.07283784449100494,0.05964122712612152,-0.566876232624054,0.19612929224967957,0.11547105759382248,-0.43784284591674805,0.0315,0.0,0.0,-0.0315,0.0,0.0,9123c598-cbed-4083-997a-e42195bde05f
156302622,0.14045970141887665,0.08468601852655411,-0.5539355874061584,1.3171215786798138,0.09233573079109192,0.057076502591371536,-0.5931013822555542,0.17530557513237,0.11294171214103699,-0.47826701402664185,0.0315,0.0,0.0,-0.0315,0.0,0.0,9123c598-cbed-4083-997a-e42195bde05f
156402622,0.1429899036884308,0.07139275968074799,-0.5581620931625366,1.0293089673916938,0.09494899213314056,0.04283192753791809,-0.5978901386260986,0.1772305965423584,0.10084023326635361,-0.48092493414878845,0.0315,0.0,0.0,-0.0315,0.0,0.0,9123c598-cbed-4083-997a-e42195bde05f
156502622,0.08304797112941742,0.06335048377513885,-0.540076732635498,3.716412768425015,-0.18920664489269257,0.033770810812711716,-0.6216222643852234,0.2974914610385895,0.09423968195915222,-0.3471149802207947,0.0315,0.0,0.0,-0.0315,0.0,0.0,9123c598-cbed-4083-997a-e42195bde05f
156602622,0.1321420520544052,0.0887652337551117,-0.5537154674530029,1.6940070578120114,-0.01605626568198204,0.057337820529937744,-0.6114726662635803,0.2452428638935089,0.12140663713216782,-0.421314001083374,0.0315,0.0,0.0,-0.0315,0.0,0.0,9123c598-cbed-4083-997a-e42195bde05f
156702622,0.1338617205619812,0.10827742516994476,-0.5419178009033203,2.847532498058638,0.03947621211409569,0.07616749405860901,-0.5894073247909546,0.203243225812912,0.14196765422821045,-0.4339933395385742,0.0315,0.0,0.0,-0.0315,0.0,0.0,9123c598-cbed-4083-997a-e42195bde05f
156802622,0.12452036142349243,0.08462756872177124,-0.5138154625892639,1.8008628273184173,-0.006648015230894089,0.055842671543359756,-0.5682730078697205,0.22642815113067627,0.1146424189209938,-0.3927602767944336,0.0315,0.0,0.0,-0.0315,0.0,0.0,9123c598-cbed-4083-997a-e42195bde05f
156902622,0.061089545488357544,0.06374890357255936,-0.48542672395706177,4.0,-0.2208123803138733,0.0335690937936306,-0.5691661238670349,0.2857568860054016,0.09577839076519012,-0.2853418290615082,0.0315,0.0,0.0,-0.0315,0.0,0.0,9123c598-cbed-4083-997a-e42195bde05f
157002622,0.0763922929763794,0.054780781269073486,-0.4902842342853546,3.295567433914788,-0.15029872953891754,0.025615572929382324,-0.5638665556907654,0.2568604350090027,0.08594711124897003,-0.3180994987487793,0.0315,0.0,0.0,-0.0315,0.0,0.0,9123c598-cbed-4083-997a-e42195bde05f
157102622,0.07217864692211151,-0.002597462385892868,-0.4826412796974182,0.9500218546249329,0.0092955082654953,-0.03074738383293152,-0.5263170003890991,0.12181270867586136,0.027947984635829926,-0.3924119770526886,0.0315,0.0,0.0,-0.0315,0.0,0.0,9123c598-cbed-4083-997a-e42195bde05f
157202622,0.02158144861459732,-0.032481882721185684,-0.460548460483551,1.3004955189992484,-0.0023522526025772095,-0.058998554944992065,-0.49695122241973877,0.04455436021089554,-0.0032611340284347534,-0.3949616253376007,0.0315,0.0,0.0,-0.0315,0.0,0.0,9123c598-cbed-4083-997a-e42195bde05f
157302622,-0.014002840965986252,-0.06712377071380615,-0.4596525728702545,1.3217118437538438,-0.040426988154649734,-0.09242671728134155,-0.49637722969055176,0.010706145316362381,-0.03921991586685181,-0.3955250084400177,0.0315,0.0,0.0,-0.0315,0.0,0.0,9123c598-cbed-4083-997a-e42195bde05f
157402622,-0.05602143704891205,-0.07566143572330475,-0.39822590351104736,3.471269518370239,-0.08077394217252731,-0.09567907452583313,-0.4308122396469116,-0.03255532681941986,-0.055372454226017,-0.34811463952064514,0.0315,0.0,0.0,-0.0315,0.0,0.0,9123c598-cbed-4083-997a-e42195bde05f
157502622,-0.07092946767807007,-0.07804788649082184,-0.38114580512046814,4.0,-0.09481790661811829,-0.09806907176971436,-0.41360336542129517,-0.04786110669374466,-0.05777774751186371,-0.3300209045410156,0.0315,0.0,0.0,-0.0315,0.0,0.0,9123c598-cbed-4083-997a-e42195bde05f
157602622,-0.09189139306545258,-0.11179299652576447,-0.4340413212776184,3.4677386673079664,-0.11524003744125366,-0.13428115844726562,-0.4682087302207947,-0.06842148303985596,-0.08885636925697327,-0.3807314336299896,0.0315,0.0,0.0,-0.0315,0.0,0.0,9123c598-cbed-4083-997a-e42195bde05f
157702622,-0.11919663101434708,-0.120203897356987,-0.4806670844554901,4.0,-0.14190956950187683,-0.1436350792646408,-0.5149473547935486,-0.09563803672790527,-0.09613403677940369,-0.4301757514476776,0.0315,0.0,0.0,-0.0315,0.0,0.0,9123c598-cbed-4083-997a-e42195bde05f
157802622,-0.11704443395137787,-0.1253153532743454,-0.5087803602218628,4.0,-0.14028802514076233,-0.15131475031375885,-0.5449213981628418,-0.09288178384304047,-0.09728670120239258,-0.451026052236557,0.0315,0.0,0.0,-0.0315,0.0,0.0,9123c598-cbed-4083-997a-e42195bde05f
157902622,-0.10982842743396759,-0.11963945627212524,-0.5568436980247498,4.0,-0.16048157215118408,-0.15523622930049896,-0.5999339818954468,-0.07092638313770294,-0.07851740717887878,-0.4602346122264862,0.0315,0.0,0.0,-0.0315,0.0,0.0,9123c598-cbed-4083-997a-e42195bde05f
158002622,-0.12856200337409973,-0.14209742844104767,-0.6084973216056824,4.0,-0.3452411890029907,-0.17627455294132233,-0.6862310767173767,0.05834688991308212,-0.10362270474433899,-0.44031891226768494,0.0315,0.0,0.0,-0.0315,0.0,0.0,9123c598-cbed-4083-997a-e42195bde05f
158102622,-0.11644333600997925,-0.14109459519386292,-0.6158583760261536,3.0962232736221935,-0.5002772212028503,-0.17532657086849213,-0.7273109555244446,0.21549391746520996,-0.10089394450187683,-0.37175169587135315,0.0315,0.0,0.0,-0.0315,0.0,0.0,9123c598-cbed-4083-997a-e42195bde05f
158202622,-0.1089615672826767,-0.12585943937301636,-0.7213713526725769,4.0,-0.18913918733596802,-0.182815819978714,-0.7783397436141968,-0.04590669274330139,-0.05837363004684448,-0.5915985703468323,0.0315,0.0,0.0,-0.0315,0.0,0.0,9123c598-cbed-4083-997a-e42195bde05f
158302622,-0.09465281665325165,-0.11177755892276764,-0.762111246585846,4.0,-0.15786303579807281,-0.17964085936546326,-0.8209459185600281,-0.040273163467645645,-0.026603303849697113,-0.6269515752792358,0.0315,0.0,0.0,-0.0315,0.0,0.0,9123c598-cbed-4083-997a-e42195bde05f
158402622,-0.047818444669246674,-0.09401258826255798,-0.7697343826293945,1.8917858238434562,-0.2764233648777008,-0.15691711008548737,-0.8599771857261658,0.14746308326721191,-0.014184385538101196,-0.5604400634765625,0.0315,0.0,0.0,-0.0315,0.0,0.0,9123c598-cbed-4083-997a-e42195bde05f
158502622,-0.03259947896003723,-0.09895341098308563,-0.7506420612335205,1.293808266171854,-0.7116888761520386,-0.14576356112957,-0.9296512007713318,0.5676721334457397,-0.04147786647081375,-0.36207473278045654,0.0315,0.0,0.0,-0.0315,0.0,0.0,9123c598-cbed-4083-997a-e42195bde05f
158602622,-0.03815150260925293,-0.10106368362903595,-0.7916440963745117,1.419451832641159,-0.44354864954948425,-0.14549025893211365,-0.9136431813240051,0.3178671598434448,-0.04644434154033661,-0.5236325860023499,0.0315,0.0,0.0,-0.0315,0.0,0.0,9123c598-cbed-4083-997a-e42195bde05f
158702622,-0.03449717164039612,-0.10383161902427673,-0.7532097101211548,1.240701476884882,-0.6031283736228943,-0.16438442468643188,-0.9153257608413696,0.4720039367675781,-0.02832692116498947,-0.40143218636512756,0.0315,0.0,0.0,-0.0315,0.0,0.0,9123c598-cbed-4083-997a-e42195bde05f
158802622,-0.07150471210479736,-0.11327669024467468,-0.7776196599006653,2.1027450623656287,-0.13687372207641602,-0.22368015348911285,-0.8494338989257812,-0.01856599934399128,0.018613319844007492,-0.6018486022949219,0.0315,0.0,0.0,-0.0315,0.0,0.0,9123c598-cbed-4083-997a-e42195bde05f
158902622,-0.05004846304655075,-0.1107422411441803,-0.6921288967132568,1.341706806440558,-0.33738479018211365,-0.19605652987957,-0.801447331905365,0.197000652551651,-0.008324451744556427,-0.44949108362197876,0.0315,0.0,0.0,-0.0315,0.0,0.0,9123c598-cbed-4083-997a-e42195bde05f
159002622,-0.07540096342563629,-0.10149815678596497,-0.6418371796607971,2.997655398786112,-0.4950501322746277,-0.21870489418506622,-0.7845702171325684,0.29110050201416016,0.028014104813337326,-0.31840381026268005,0.0315,0.0,0.0,-0.0315,0.0,0.0,9123c598-cbed-4083-997a-e42195bde05f
159102622,-0.06993131339550018,-0.07740940153598785,-0.6178244948387146,4.0,-0.32839375734329224,-0.1547655165195465,-0.7136598825454712,0.1491629183292389,0.009533658623695374,-0.39057937264442444,0.0315,0.0,0.0,-0.0315,0.0,0.0,9123c598-cbed-4083-997a-e42195bde05f
159202622,-0.04034624248743057,-0.051381658762693405,-0.48732316493988037,4.0,-0.06537310779094696,-0.07739086449146271,-0.5237209796905518,-0.014732927083969116,-0.022880032658576965,-0.42892012000083923,0.0315,0.0,0.0,-0.0315,0.0,0.0,9123c598-cbed-4083-997a-e42195bde05f
159302622,-0.04440931975841522,-0.033839333802461624,-0.39301085472106934,4.0,-0.06863435357809067,-0.0548219233751297,-0.42489004135131836,-0.020483732223510742,-0.012328334152698517,-0.3409538269042969,0.0315,0.0,0.0,-0.0315,0.0,0.0,9123c598-cbed-4083-997a-e42195bde05f
159402622,-0.03771230950951576,-0.030020441859960556,-0.3314284086227417,4.0,-0.058142244815826416,-0.052659712731838226,-0.36275243759155273,-0.01689460314810276,-0.006987616419792175,-0.28249919414520264,0.0315,0.0,0.0,-0.0315,0.0,0.0,9123c598-cbed-4083-997a-e42195bde05f
159502622,-0.03749316185712814,-0.02901480719447136,-0.29480621218681335,4.0,-0.057940997183322906,-0.04968232661485672,-0.3247164487838745,-0.017097461968660355,-0.0077330321073532104,-0.2486475706100464,0.0315,0.0,0.0,-0.0315,0.0,0.0,9123c598-cbed-4083-997a-e42195bde05f
159602622,-0.019834600389003754,-0.03906646743416786,-0.31474530696868896,3.443307068571589,-0.041507601737976074,-0.06178595870733261,-0.346515953540802,0.001253221184015274,-0.01592586189508438,-0.2637547254562378,0.0315,0.0,0.0,-0.0315,0.0,0.0,9123c598-cbed-4083-997a-e42195bde05f
159702622,-0.017737988382577896,-0.03198396787047386,-0.3543127179145813,4.0,-0.03802211955189705,-0.059084177017211914,-0.38728010654449463,0.0027699656784534454,-0.004537440836429596,-0.3015250861644745,0.0315,0.0,0.0,-0.0315,0.0,0.0,9123c598-cbed-4083-997a-e42195bde05f
159802622,0.0020214468240737915,-0.0153733529150486,-0.3582770824432373,3.8671446282948434,-0.018974214792251587,-0.03628517687320709,-0.38910794258117676,0.02288256213068962,0.005918413400650024,-0.30979785323143005,0.0315,0.0,0.0,-0.0315,0.0,0.0,9123c598-cbed-4083-997a-e42195bde05f
159902622,0.020146340131759644,-0.012147154659032822,-0.3609214127063751,2.08500312798122,-0.0006313957273960114,-0.04033033549785614,-0.394472599029541,0.040805354714393616,0.0161123089492321,-0.30554619431495667,0.0315,0.0,0.0,-0.0315,0.0,0.0,9123c598-cbed-4083-997a-e42195bde05f
160002622,0.01617804914712906,-0.010076295584440231,-0.3603947162628174,2.5641813409532253,-0.003349628299474716,-0.03424377739429474,-0.391834557056427,0.036272600293159485,0.014525074511766434,-0.3117140531539917,0.0315,0.0,0.0,-0.0315,0.0,0.0,9123c598-cbed-4083-997a-e42195bde05f
160102622,0.002224832773208618,-0.021950077265501022,-0.35689136385917664,2.780974985712821,-0.017557043582201004,-0.061036817729473114,-0.39246422052383423,0.022452976554632187,0.01661691814661026,-0.29598766565322876,0.0315,0.0,0.0,-0.0315,0.0,0.0,9123c598-cbed-4083-997a-e42195bde05f
160202622,-0.000421181321144104,-0.018314454704523087,-0.34265580773353577,3.7379113036215097,-0.020464502274990082,-0.037859924137592316,-0.3725931644439697,0.02014792710542679,0.0016568005084991455,-0.29709693789482117,0.0315,0.0,0.0,-0.0315,0.0,0.0,9123c598-cbed-4083-997a-e42195bde05f
160302622,0.0011604540050029755,-0.018944639712572098,-0.33040326833724976,3.312457340575623,-0.01865897700190544,-0.03845199942588806,-0.3598253130912781,0.021123621612787247,0.0009100362658500671,-0.28412431478500366,0.0315,0.0,0.0,-0.0315,0.0,0.0,9123c598-cbed-4083-997a-e42195bde05f
160402622,0.00261799618601799,-0.01820812001824379,-0.3297045826911926,3.1970357100744105,-0.017230425029993057,-0.03901901841163635,-0.35974448919296265,0.02265331521630287,0.0036599263548851013,-0.28122180700302124,0.0315,0.0,0.0,-0.0315,0.0,0.0,9123c598-cbed-4083-997a-e42195bde05f
160502622,0.013673461973667145,-0.017611142247915268,-0.32880109548568726,2.1275753983389905,-0.005698170512914658,-0.03752637654542923,-0.35832828283309937,0.033241838216781616,0.003371588885784149,-0.2815573513507843,0.0315,0.0,0.0,-0.0315,0.0,0.0,9123c598-cbed-4083-997a-e42195bde05f
160602622,0.010059505701065063,-0.02211659774184227,-0.32907339930534363,2.0687723706233765,-0.009685862809419632,-0.04190000146627426,-0.3588380217552185,0.029979214072227478,-0.0014792904257774353,-0.2821354568004608,0.0315,0.0,0.0,-0.0315,0.0,0.0,9123c598-cbed-4083-997a-e42195bde05f
160702622,0.015404623001813889,-0.01517721638083458,-0.3239380717277527,2.1728996484347607,-0.0047796182334423065,-0.03453455865383148,-0.3536561131477356,0.035491615533828735,0.004786543548107147,-0.27631253004074097,0.0315,0.0,0.0,-0.0315,0.0,0.0,9123c598-cbed-4083-997a-e42195bde05f
