graph_uid,tracking_timestamp_us,utc_timestamp_ns,tx_world_device,ty_world_device,tz_world_device,qx_world_device,qy_world_device,qz_world_device,qw_world_device,device_linear_velocity_x_device,device_linear_velocity_y_device,device_linear_velocity_z_device,angular_velocity_x_device,angular_velocity_y_device,angular_velocity_z_device,gravity_x_world,gravity_y_world,gravity_z_world,quality_score
ea7288b8-b6a0-012d-8156-257aba6bd796,149202610,1686767222002923694,0.000292,-0.006405,0.000467,0.500638545,0.496952726,-0.477400195,0.523916109,0.038913,-0.322935,0.242351,-0.054750,0.052271,-0.064212,0.000000,0.000000,-9.810000,0.5
ea7288b8-b6a0-012d-8156-257aba6bd796,149203459,1686767222002923694,0.000030,-0.006619,0.000427,0.500623062,0.496990395,-0.477393233,0.523901516,0.039788,-0.324063,0.243213,-0.050773,0.054919,-0.068246,0.000000,0.000000,-9.810000,0.5
ea7288b8-b6a0-012d-8156-257aba6bd796,149204459,1686767222002923694,-0.000279,-0.006871,0.000380,0.500604541,0.497035236,-0.477385443,0.523883772,0.040582,-0.324940,0.243694,-0.051423,0.058135,-0.070595,0.000000,0.000000,-9.810000,0.5
ea7288b8-b6a0-012d-8156-257aba6bd796,149205503,1686767222002923694,-0.000602,-0.007135,0.000329,0.500584150,0.497083775,-0.477376927,0.523864963,0.041109,-0.325467,0.243774,-0.056184,0.057637,-0.073461,0.000000,0.000000,-9.810000,0.5
ea7288b8-b6a0-012d-8156-257aba6bd796,149206457,1686767222002923694,-0.000898,-0.007376,0.000283,0.500564092,0.497129195,-0.477368398,0.523848801,0.041158,-0.325982,0.243841,-0.060428,0.057092,-0.071938,0.000000,0.000000,-9.810000,0.5
ea7288b8-b6a0-012d-8156-257aba6bd796,149207457,1686767222002923694,-0.001208,-0.007629,0.000234,0.500542928,0.497177271,-0.477357799,0.523833056,0.041336,-0.326691,0.244095,-0.063087,0.059331,-0.069278,0.000000,0.000000,-9.810000,0.5
ea7288b8-b6a0-012d-8156-257aba6bd796,149208456,1686767222002923694,-0.001520,-0.007882,0.000186,0.500522101,0.497225215,-0.477346240,0.523817982,0.041273,-0.327654,0.244629,-0.062856,0.058140,-0.067375,0.000000,0.000000,-9.810000,0.5
ea7288b8-b6a0-012d-8156-257aba6bd796,149209455,1686767222002923694,-0.001832,-0.008136,0.000137,0.500502155,0.497272943,-0.477334011,0.523802878,0.041666,-0.328683,0.245280,-0.062024,0.061935,-0.065952,0.000000,0.000000,-9.810000,0.5
ea7288b8-b6a0-012d-8156-257aba6bd796,149210500,1686767222002923694,-0.002159,-0.008403,0.000085,0.500482197,0.497322183,-0.477321572,0.523786534,0.041640,-0.330016,0.246202,-0.058122,0.058832,-0.066180,0.000000,0.000000,-9.810000,0.5
ea7288b8-b6a0-012d-8156-257aba6bd796,149211453,1686767222002923694,-0.002459,-0.008646,0.000038,0.500464016,0.497366693,-0.477310967,0.523771307,0.042027,-0.330852,0.246596,-0.058921,0.060129,-0.067042,0.000000,0.000000,-9.810000,0.5
ea7288b8-b6a0-012d-8156-257aba6bd796,149212453,1686767222002923694,-0.002775,-0.008902,-0.000011,0.500444199,0.497414483,-0.477299275,0.523755513,0.042388,-0.331403,0.246635,-0.063343,0.060566,-0.068453,0.000000,0.000000,-9.810000,0.5
ea7288b8-b6a0-012d-8156-257aba6bd796,149213452,1686767222002923694,-0.003090,-0.009158,-0.000062,0.500423400,0.497464406,-0.477285932,0.523740130,0.043045,-0.331820,0.246569,-0.069202,0.065270,-0.069206,0.000000,0.000000,-9.810000,0.5
ea7288b8-b6a0-012d-8156-257aba6bd796,149214451,1686767222002923694,-0.003406,-0.009414,-0.000113,0.500402422,0.497516446,-0.477270329,0.523724961,0.043387,-0.332466,0.246741,-0.072645,0.068714,-0.067932,0.000000,0.000000,-9.810000,0.5
ea7288b8-b6a0-012d-8156-257aba6bd796,149215496,1686767222002923694,-0.003737,-0.009682,-0.000166,0.500380672,0.497571422,-0.477252290,0.523709953,0.043208,-0.333283,0.247062,-0.074781,0.068429,-0.064712,0.000000,0.000000,-9.810000,0.5
ea7288b8-b6a0-012d-8156-257aba6bd796,149216450,1686767222002923694,-0.004040,-0.009927,-0.000215,0.500360793,0.497622021,-0.477235211,0.523696433,0.043816,-0.334160,0.247531,-0.075203,0.070528,-0.067348,0.000000,0.000000,-9.810000,0.5
ea7288b8-b6a0-012d-8156-257aba6bd796,149217449,1686767222002923694,-0.004358,-0.010184,-0.000266,0.500339556,0.497676214,-0.477217448,0.523681413,0.044315,-0.335044,0.247976,-0.075934,0.071511,-0.069775,0.000000,0.000000,-9.810000,0.5
ea7288b8-b6a0-012d-8156-257aba6bd796,149218448,1686767222002923694,-0.004678,-0.010442,-0.000319,0.500317637,0.497731403,-0.477199745,0.523666035,0.044696,-0.335827,0.248304,-0.077627,0.071877,-0.071577,0.000000,0.000000,-9.810000,0.5
ea7288b8-b6a0-012d-8156-257aba6bd796,149219448,1686767222002923694,-0.004997,-0.010700,-0.000371,0.500295014,0.497786910,-0.477181861,0.523651184,0.044576,-0.336635,0.248600,-0.079448,0.070140,-0.070219,0.000000,0.000000,-9.810000,0.5
ea7288b8-b6a0-012d-8156-257aba6bd796,149220492,1686767222002923694,-0.005333,-0.010970,-0.000426,0.500270652,0.497844869,-0.477163487,0.523636102,0.044912,-0.337668,0.249154,-0.079220,0.069089,-0.072706,0.000000,0.000000,-9.810000,0.5
ea7288b8-b6a0-012d-8156-257aba6bd796,149221446,1686767222002923694,-0.005640,-0.011217,-0.000477,0.500248275,0.497899624,-0.477146466,0.523620930,0.046151,-0.338452,0.249530,-0.080888,0.077265,-0.076700,0.000000,0.000000,-9.810000,0.5
ea7288b8-b6a0-012d-8156-257aba6bd796,149222445,1686767222002923694,-0.005962,-0.011476,-0.000531,0.500224941,0.497959521,-0.477127102,0.523603908,0.046463,-0.339123,0.249672,-0.084687,0.079886,-0.076365,0.000000,0.000000,-9.810000,0.5
ea7288b8-b6a0-012d-8156-257aba6bd796,149223445,1686767222002923694,-0.006285,-0.011736,-0.000585,0.500201140,0.498020456,-0.477106069,0.523587857,0.046394,-0.339743,0.249744,-0.089060,0.079961,-0.074428,0.000000,0.000000,-9.810000,0.5
ea7288b8-b6a0-012d-8156-257aba6bd796,149224444,1686767222002923694,-0.006608,-0.011996,-0.000639,0.500177281,0.498079339,-0.477084692,0.523574117,0.045055,-0.340999,0.250485,-0.086306,0.071636,-0.067080,0.000000,0.000000,-9.810000,0.5
ea7288b8-b6a0-012d-8156-257aba6bd796,149225489,1686767222002923694,-0.006948,-0.012268,-0.000694,0.500153244,0.498137818,-0.477061978,0.523562141,0.044654,-0.341989,0.250916,-0.086867,0.071578,-0.061642,0.000000,0.000000,-9.810000,0.5
ea7288b8-b6a0-012d-8156-257aba6bd796,149226443,1686767222002923694,-0.007259,-0.012518,-0.000744,0.500132245,0.498189821,-0.477040459,0.523552328,0.044325,-0.343066,0.251502,-0.085436,0.069803,-0.058461,0.000000,0.000000,-9.810000,0.5
ea7288b8-b6a0-012d-8156-257aba6bd796,149227442,1686767222002923694,-0.007585,-0.012779,-0.000797,0.500109380,0.498244822,-0.477018355,0.523541971,0.045206,-0.343735,0.251678,-0.088766,0.070384,-0.065283,0.000000,0.000000,-9.810000,0.5
ea7288b8-b6a0-012d-8156-257aba6bd796,149228441,1686767222002923694,-0.007912,-0.013041,-0.000850,0.500084001,0.498302202,-0.476997346,0.523530743,0.045967,-0.344505,0.251938,-0.091248,0.069451,-0.072304,0.000000,0.000000,-9.810000,0.5
ea7288b8-b6a0-012d-8156-257aba6bd796,149229440,1686767222002923694,-0.008240,-0.013303,-0.000905,0.500057158,0.498361846,-0.476976118,0.523518951,0.046603,-0.345181,0.252047,-0.095414,0.073863,-0.073465,0.000000,0.000000,-9.810000,0.5
ea7288b8-b6a0-012d-8156-257aba6bd796,149230497,1686767222002923694,-0.008588,-0.013580,-0.000963,0.500028300,0.498426757,-0.476951682,0.523506981,0.046675,-0.345883,0.252128,-0.099996,0.074955,-0.071755,0.000000,0.000000,-9.810000,0.5
ea7288b8-b6a0-012d-8156-257aba6bd796,149231439,1686767222002923694,-0.008898,-0.013828,-0.001014,0.500001229,0.498485060,-0.476929393,0.523497632,0.046614,-0.346558,0.252234,-0.103411,0.070510,-0.073711,0.000000,0.000000,-9.810000,0.5
ea7288b8-b6a0-012d-8156-257aba6bd796,149232438,1686767222002923694,-0.009228,-0.014090,-0.001069,0.499970062,0.498547184,-0.476906777,0.523488843,0.046718,-0.347355,0.252440,-0.105838,0.066561,-0.076820,0.000000,0.000000,-9.810000,0.5
ea7288b8-b6a0-012d-8156-257aba6bd796,149233437,1686767222002923694,-0.009559,-0.014354,-0.001124,0.499937987,0.498608967,-0.476885220,0.523480270,0.046787,-0.348617,0.253206,-0.102905,0.065468,-0.076989,0.000000,0.000000,-9.810000,0.5
ea7288b8-b6a0-012d-8156-257aba6bd796,149234436,1686767222002923694,-0.009891,-0.014618,-0.001179,0.499907348,0.498669657,-0.476863650,0.523471371,0.046624,-0.349892,0.254000,-0.100140,0.067704,-0.071875,0.000000,0.000000,-9.810000,0.5
ea7288b8-b6a0-012d-8156-257aba6bd796,149235481,1686767222002923694,-0.010240,-0.014895,-0.001237,0.499876637,0.498733231,-0.476839808,0.523461850,0.047149,-0.350740,0.254308,-0.102423,0.070928,-0.072663,0.000000,0.000000,-9.810000,0.5
ea7288b8-b6a0-012d-8156-257aba6bd796,149236435,1686767222002923694,-0.010558,-0.015147,-0.001290,0.499848234,0.498793075,-0.476816624,0.523453071,0.047686,-0.351264,0.254295,-0.107419,0.074118,-0.073595,0.000000,0.000000,-9.810000,0.5
ea7288b8-b6a0-012d-8156-257aba6bd796,149237434,1686767222002923694,-0.010893,-0.015412,-0.001346,0.499816727,0.498857841,-0.476791790,0.523444060,0.048297,-0.351899,0.254378,-0.111437,0.072682,-0.078943,0.000000,0.000000,-9.810000,0.5
ea7288b8-b6a0-012d-8156-257aba6bd796,149238433,1686767222002923694,-0.011228,-0.015678,-0.001403,0.499784042,0.498923119,-0.476767470,0.523435203,0.048259,-0.353043,0.254987,-0.110144,0.071593,-0.077569,0.000000,0.000000,-9.810000,0.5
ea7288b8-b6a0-012d-8156-257aba6bd796,149239433,1686767222002923694,-0.011564,-0.015944,-0.001459,0.499750657,0.498987936,-0.476743247,0.523427355,0.048140,-0.353770,0.255074,-0.113755,0.068082,-0.077557,0.000000,0.000000,-9.810000,0.5
ea7288b8-b6a0-012d-8156-257aba6bd796,149240478,1686767222002923694,-0.011916,-0.016222,-0.001518,0.499714945,0.499055407,-0.476717245,0.523420808,0.047992,-0.354718,0.255363,-0.115891,0.067783,-0.074339,0.000000,0.000000,-9.810000,0.5
ea7288b8-b6a0-012d-8156-257aba6bd796,149241431,1686767222002923694,-0.012238,-0.016476,-0.001572,0.499681629,0.499116545,-0.476693418,0.523416019,0.047945,-0.355597,0.255676,-0.117143,0.063371,-0.075643,0.000000,0.000000,-9.810000,0.5
ea7288b8-b6a0-012d-8156-257aba6bd796,149242431,1686767222002923694,-0.012577,-0.016744,-0.001629,0.499645824,0.499180047,-0.476669229,0.523411672,0.047996,-0.356715,0.256239,-0.116313,0.061951,-0.075305,0.000000,0.000000,-9.810000,0.5
ea7288b8-b6a0-012d-8156-257aba6bd796,149243430,1686767222002923694,-0.012917,-0.017011,-0.001685,0.499609875,0.499242820,-0.476645557,0.523407674,0.047988,-0.357801,0.256762,-0.115895,0.059922,-0.074856,0.000000,0.000000,-9.810000,0.5
ea7288b8-b6a0-012d-8156-257aba6bd796,149244429,1686767222002923694,-0.013257,-0.017279,-0.001742,0.499573216,0.499307049,-0.476621895,0.523402944,0.049289,-0.358539,0.256975,-0.119097,0.065096,-0.081013,0.000000,0.000000,-9.810000,0.5
ea7288b8-b6a0-012d-8156-257aba6bd796,149245474,1686767222002923694,-0.013614,-0.017560,-0.001803,0.499534151,0.499378115,-0.476596919,0.523395172,0.050913,-0.359573,0.257513,-0.119449,0.072239,-0.088537,0.000000,0.000000,-9.810000,0.5
ea7288b8-b6a0-012d-8156-257aba6bd796,149246427,1686767222002923694,-0.013940,-0.017817,-0.001861,0.499497603,0.499446056,-0.476574057,0.523386044,0.051774,-0.360225,0.257614,-0.123119,0.074390,-0.093002,0.000000,0.000000,-9.810000,0.5
ea7288b8-b6a0-012d-8156-257aba6bd796,149247427,1686767222002923694,-0.014283,-0.018086,-0.001921,0.499457735,0.499517560,-0.476550539,0.523377266,0.051263,-0.361193,0.257983,-0.123852,0.067376,-0.091568,0.000000,0.000000,-9.810000,0.5
ea7288b8-b6a0-012d-8156-257aba6bd796,149248426,1686767222002923694,-0.014627,-0.018356,-0.001980,0.499416673,0.499586558,-0.476527517,0.523371554,0.050268,-0.362057,0.258197,-0.126135,0.059870,-0.085747,0.000000,0.000000,-9.810000,0.5
ea7288b8-b6a0-012d-8156-257aba6bd796,149249427,1686767222002923694,-0.014972,-0.018626,-0.002039,0.499374924,0.499653552,-0.476505074,0.523367870,0.050231,-0.363305,0.258898,-0.123800,0.056419,-0.085978,0.000000,0.000000,-9.810000,0.5
ea7288b8-b6a0-012d-8156-257aba6bd796,149250470,1686767222002923694,-0.015333,-0.018909,-0.002101,0.499331518,0.499722804,-0.476481696,0.523364450,0.050402,-0.364255,0.259211,-0.125795,0.058146,-0.083726,0.000000,0.000000,-9.810000,0.5
ea7288b8-b6a0-012d-8156-257aba6bd796,149251424,1686767222002923694,-0.015664,-0.019168,-0.002157,0.499292310,0.499786249,-0.476459673,0.523361323,0.050723,-0.365400,0.259822,-0.124344,0.058981,-0.083822,0.000000,0.000000,-9.810000,0.5
ea7288b8-b6a0-012d-8156-257aba6bd796,149252423,1686767222002923694,-0.016012,-0.019440,-0.002217,0.499251573,0.499853718,-0.476435389,0.523357857,0.051313,-0.366064,0.259861,-0.129124,0.063720,-0.082892,0.000000,0.000000,-9.810000,0.5
ea7288b8-b6a0-012d-8156-257aba6bd796,149253422,1686767222002923694,-0.016360,-0.019712,-0.002278,0.499210229,0.499923005,-0.476409720,0.523354482,0.051939,-0.366896,0.260086,-0.131917,0.064167,-0.085848,0.000000,0.000000,-9.810000,0.5
ea7288b8-b6a0-012d-8156-257aba6bd796,149254421,1686767222002923694,-0.016709,-0.019984,-0.002339,0.499167649,0.499993627,-0.476383871,0.523351163,0.052378,-0.367756,0.260316,-0.134679,0.064422,-0.087139,0.000000,0.000000,-9.810000,0.5
ea7288b8-b6a0-012d-8156-257aba6bd796,149255466,1686767222002923694,-0.017076,-0.020270,-0.002403,0.499122245,0.500067440,-0.476357792,0.523347680,0.052574,-0.369152,0.261115,-0.131723,0.060662,-0.089461,0.000000,0.000000,-9.810000,0.5
ea7288b8-b6a0-012d-8156-257aba6bd796,149256420,1686767222002923694,-0.017411,-0.020531,-0.002461,0.499080839,0.500133821,-0.476334556,0.523344885,0.052404,-0.370174,0.261541,-0.132207,0.060290,-0.085604,0.000000,0.000000,-9.810000,0.5
ea7288b8-b6a0-012d-8156-257aba6bd796,149257419,1686767222002923694,-0.017763,-0.020805,-0.002523,0.499037852,0.500202526,-0.476309896,0.523342659,0.052468,-0.371307,0.262125,-0.131402,0.058986,-0.084734,0.000000,0.000000,-9.810000,0.5
ea7288b8-b6a0-012d-8156-257aba6bd796,149258419,1686767222002923694,-0.018117,-0.021080,-0.002584,0.498994789,0.500270687,-0.476284855,0.523341358,0.052392,-0.372154,0.262369,-0.133894,0.057860,-0.082447,0.000000,0.000000,-9.810000,0.5
ea7288b8-b6a0-012d-8156-257aba6bd796,149259418,1686767222002923694,-0.018471,-0.021355,-0.002646,0.498951831,0.500338864,-0.476259713,0.523340020,0.052978,-0.373414,0.263095,-0.131535,0.059596,-0.084320,0.000000,0.000000,-9.810000,0.5
ea7288b8-b6a0-012d-8156-257aba6bd796,149260462,1686767222002923694,-0.018842,-0.021644,-0.002711,0.498907511,0.500411429,-0.476232829,0.523337358,0.053792,-0.374355,0.263386,-0.133741,0.065062,-0.085047,0.000000,0.000000,-9.810000,0.5
ea7288b8-b6a0-012d-8156-257aba6bd796,149261416,1686767222002923694,-0.019182,-0.021907,-0.002771,0.498866797,0.500479708,-0.476207417,0.523334001,0.054627,-0.375192,0.263648,-0.135776,0.067137,-0.088855,0.000000,0.000000,-9.810000,0.5
ea7288b8-b6a0-012d-8156-257aba6bd796,149262416,1686767222002923694,-0.019539,-0.022184,-0.002835,0.498822830,0.500552384,-0.476181225,0.523330237,0.054932,-0.376124,0.263956,-0.137420,0.064648,-0.091143,0.000000,0.000000,-9.810000,0.5
ea7288b8-b6a0-012d-8156-257aba6bd796,149263415,1686767222002923694,-0.019897,-0.022461,-0.002899,0.498776840,0.500625827,-0.476156454,0.523326358,0.055679,-0.377058,0.264311,-0.138546,0.062406,-0.097811,0.000000,0.000000,-9.810000,0.5
ea7288b8-b6a0-012d-8156-257aba6bd796,149264414,1686767222002923694,-0.020255,-0.022739,-0.002965,0.498729557,0.500700221,-0.476133684,0.523320965,0.056519,-0.378400,0.265171,-0.134887,0.063202,-0.102703,0.000000,0.000000,-9.810000,0.5
ea7288b8-b6a0-012d-8156-257aba6bd796,149265450,1686767222002923694,-0.020628,-0.023028,-0.003033,0.498679808,0.500777963,-0.476111115,0.523314520,0.056861,-0.379279,0.265432,-0.137299,0.061830,-0.104182,0.000000,0.000000,-9.810000,0.5
ea7288b8-b6a0-012d-8156-257aba6bd796,149266413,1686767222002923694,-0.020976,-0.023296,-0.003096,0.498632433,0.500849886,-0.476090020,0.523310025,0.056475,-0.380081,0.265597,-0.140212,0.057449,-0.101233,0.000000,0.000000,-9.810000,0.5
ea7288b8-b6a0-012d-8156-257aba6bd796,149267412,1686767222002923694,-0.021337,-0.023575,-0.003161,0.498582627,0.500923265,-0.476066909,0.523308269,0.055849,-0.380792,0.265649,-0.144553,0.054612,-0.094867,0.000000,0.000000,-9.810000,0.5
ea7288b8-b6a0-012d-8156-257aba6bd796,149268411,1686767222002923694,-0.021699,-0.023854,-0.003227,0.498533726,0.500996040,-0.476041877,0.523307962,0.056113,-0.381920,0.266258,-0.143832,0.058835,-0.091354,0.000000,0.000000,-9.810000,0.5
ea7288b8-b6a0-012d-8156-257aba6bd796,149269411,1686767222002923694,-0.022062,-0.024135,-0.003292,0.498486241,0.501068756,-0.476015882,0.523307223,0.056371,-0.383116,0.266925,-0.142426,0.059892,-0.090406,0.000000,0.000000,-9.810000,0.5
ea7288b8-b6a0-012d-8156-257aba6bd796,149270455,1686767222002923694,-0.022443,-0.024428,-0.003361,0.498436460,0.501145266,-0.475988080,0.523306665,0.056795,-0.383867,0.267022,-0.146869,0.060437,-0.091293,0.000000,0.000000,-9.810000,0.5
ea7288b8-b6a0-012d-8156-257aba6bd796,149271409,1686767222002923694,-0.022791,-0.024696,-0.003424,0.498389420,0.501216310,-0.475961937,0.523307206,0.057003,-0.384468,0.266985,-0.151921,0.058631,-0.092263,0.000000,0.000000,-9.810000,0.5
ea7288b8-b6a0-012d-8156-257aba6bd796,149272408,1686767222002923694,-0.023156,-0.024976,-0.003490,0.498338942,0.501292328,-0.475933560,0.523308272,0.057780,-0.385230,0.267156,-0.155443,0.062535,-0.093816,0.000000,0.000000,-9.810000,0.5
ea7288b8-b6a0-012d-8156-257aba6bd796,149273407,1686767222002923694,-0.023523,-0.025258,-0.003558,0.498287536,0.501370276,-0.475904756,0.523308743,0.058529,-0.386131,0.267501,-0.157117,0.062872,-0.098330,0.000000,0.000000,-9.810000,0.5
ea7288b8-b6a0-012d-8156-257aba6bd796,149274407,1686767222002923694,-0.023890,-0.025540,-0.003626,0.498235375,0.501449274,-0.475876338,0.523308559,0.059016,-0.387230,0.268046,-0.156758,0.063778,-0.099600,0.000000,0.000000,-9.810000,0.5
ea7288b8-b6a0-012d-8156-257aba6bd796,149275451,1686767222002923694,-0.024275,-0.025835,-0.003697,0.498180665,0.501531236,-0.475847349,0.523308460,0.058884,-0.388477,0.268668,-0.155404,0.059836,-0.098700,0.000000,0.000000,-9.810000,0.5
ea7288b8-b6a0-012d-8156-257aba6bd796,149276405,1686767222002923694,-0.024627,-0.026105,-0.003762,0.498131786,0.501604152,-0.475821532,0.523308578,0.058676,-0.390047,0.269736,-0.149471,0.059861,-0.094044,0.000000,0.000000,-9.810000,0.5
ea7288b8-b6a0-012d-8156-257aba6bd796,149277404,1686767222002923694,-0.024998,-0.026390,-0.003831,0.498082264,0.501679167,-0.475795241,0.523307711,0.059232,-0.391418,0.270621,-0.145821,0.060695,-0.096200,0.000000,0.000000,-9.810000,0.5
ea7288b8-b6a0-012d-8156-257aba6bd796,149278404,1686767222002923694,-0.025370,-0.026675,-0.003900,0.498032137,0.501754803,-0.475770005,0.523305848,0.059858,-0.392270,0.270909,-0.147793,0.059905,-0.100494,0.000000,0.000000,-9.810000,0.5
ea7288b8-b6a0-012d-8156-257aba6bd796,149279403,1686767222002923694,-0.025743,-0.026961,-0.003969,0.497979906,0.501831035,-0.475745756,0.523304502,0.059919,-0.393078,0.271072,-0.150554,0.054950,-0.102866,0.000000,0.000000,-9.810000,0.5
ea7288b8-b6a0-012d-8156-257aba6bd796,149280448,1686767222002923694,-0.026133,-0.027259,-0.004041,0.497923633,0.501910195,-0.475720333,0.523305242,0.059474,-0.393900,0.271170,-0.154273,0.051788,-0.098587,0.000000,0.000000,-9.810000,0.5
ea7288b8-b6a0-012d-8156-257aba6bd796,149281401,1686767222002923694,-0.026490,-0.027532,-0.004107,0.497872584,0.501981886,-0.475696030,0.523307140,0.059697,-0.394980,0.271712,-0.153680,0.054059,-0.096307,0.000000,0.000000,-9.810000,0.5
ea7288b8-b6a0-012d-8156-257aba6bd796,149282401,1686767222002923694,-0.026866,-0.027819,-0.004177,0.497818953,0.502058144,-0.475670703,0.523308028,0.060840,-0.395972,0.272211,-0.153997,0.055806,-0.103219,0.000000,0.000000,-9.810000,0.5
ea7288b8-b6a0-012d-8156-257aba6bd796,149283400,1686767222002923694,-0.027242,-0.028107,-0.004247,0.497764348,0.502135899,-0.475646480,0.523307385,0.061491,-0.397057,0.272813,-0.153533,0.056283,-0.106575,0.000000,0.000000,-9.810000,0.5
ea7288b8-b6a0-012d-8156-257aba6bd796,149284399,1686767222002923694,-0.027619,-0.028395,-0.004318,0.497708556,0.502214039,-0.475622653,0.523307122,0.061459,-0.397786,0.272969,-0.157145,0.052775,-0.106572,0.000000,0.000000,-9.810000,0.5
ea7288b8-b6a0-012d-8156-257aba6bd796,149285444,1686767222002923694,-0.028014,-0.028696,-0.004393,0.497648970,0.502296363,-0.475597043,0.523308053,0.061863,-0.398555,0.273174,-0.160714,0.054251,-0.106525,0.000000,0.000000,-9.810000,0.5
ea7288b8-b6a0-012d-8156-257aba6bd796,149286398,1686767222002923694,-0.028375,-0.028972,-0.004461,0.497594323,0.502372074,-0.475573047,0.523309150,0.062110,-0.399545,0.273676,-0.160720,0.054254,-0.106525,0.000000,0.000000,-9.810000,0.5
ea7288b8-b6a0-012d-8156-257aba6bd796,149287397,1686767222002923694,-0.028754,-0.029261,-0.004533,0.497537269,0.502451161,-0.475548412,0.523309856,0.062444,-0.400829,0.274474,-0.157966,0.054074,-0.107433,0.000000,0.000000,-9.810000,0.5
ea7288b8-b6a0-012d-8156-257aba6bd796,149288396,1686767222002923694,-0.029135,-0.029551,-0.004604,0.497481310,0.502528447,-0.475524053,0.523310980,0.061760,-0.402155,0.275270,-0.155225,0.051138,-0.100686,0.000000,0.000000,-9.810000,0.5
ea7288b8-b6a0-012d-8156-257aba6bd796,149289396,1686767222002923694,-0.029517,-0.029842,-0.004676,0.497425715,0.502603919,-0.475499745,0.523313435,0.061740,-0.403091,0.275680,-0.156232,0.048166,-0.100643,0.000000,0.000000,-9.810000,0.5
ea7288b8-b6a0-012d-8156-257aba6bd796,149290440,1686767222002923694,-0.029917,-0.030147,-0.004751,0.497366249,0.502683619,-0.475475006,0.523315882,0.062655,-0.403981,0.276044,-0.158059,0.049286,-0.106419,0.000000,0.000000,-9.810000,0.5
ea7288b8-b6a0-012d-8156-257aba6bd796,149291394,1686767222002923694,-0.030283,-0.030426,-0.004820,0.497310481,0.502758623,-0.475453455,0.523316410,0.063829,-0.404959,0.276574,-0.157940,0.051538,-0.113975,0.000000,0.000000,-9.810000,0.5
ea7288b8-b6a0-012d-8156-257aba6bd796,149292393,1686767222002923694,-0.030668,-0.030719,-0.004894,0.497251000,0.502839568,-0.475431555,0.523315057,0.064756,-0.405847,0.276974,-0.159659,0.054729,-0.118019,0.000000,0.000000,-9.810000,0.5
ea7288b8-b6a0-012d-8156-257aba6bd796,149293393,1686767222002923694,-0.031053,-0.031012,-0.004968,0.497191111,0.502921310,-0.475408959,0.523313937,0.064516,-0.406705,0.277273,-0.162103,0.053321,-0.114588,0.000000,0.000000,-9.810000,0.5
ea7288b8-b6a0-012d-8156-257aba6bd796,149294392,1686767222002923694,-0.031438,-0.031305,-0.005043,0.497130522,0.503003392,-0.475385209,0.523314184,0.064867,-0.407292,0.277319,-0.167073,0.053753,-0.115474,0.000000,0.000000,-9.810000,0.5
ea7288b8-b6a0-012d-8156-257aba6bd796,149295436,1686767222002923694,-0.031842,-0.031612,-0.005121,0.497066175,0.503090982,-0.475359578,0.523314392,0.065661,-0.408200,0.277745,-0.168750,0.056650,-0.118351,0.000000,0.000000,-9.810000,0.5
ea7288b8-b6a0-012d-8156-257aba6bd796,149296390,1686767222002923694,-0.032212,-0.031893,-0.005193,0.497007149,0.503172025,-0.475335933,0.523314015,0.065938,-0.409173,0.278287,-0.168857,0.057162,-0.118469,0.000000,0.000000,-9.810000,0.5
ea7288b8-b6a0-012d-8156-257aba6bd796,149297390,1686767222002923694,-0.032601,-0.032188,-0.005268,0.496944737,0.503256137,-0.475311499,0.523314597,0.065452,-0.410132,0.278756,-0.169817,0.051266,-0.116730,0.000000,0.000000,-9.810000,0.5
ea7288b8-b6a0-012d-8156-257aba6bd796,149298389,1686767222002923694,-0.032990,-0.032484,-0.005343,0.496881338,0.503337864,-0.475287867,0.523317662,0.064627,-0.411193,0.279325,-0.169919,0.043763,-0.112973,0.000000,0.000000,-9.810000,0.5
ea7288b8-b6a0-012d-8156-257aba6bd796,149299388,1686767222002923694,-0.033369,-0.032804,-0.005408,0.496828217,0.503375784,-0.475299284,0.523321253,0.065143,-0.412455,0.280283,-0.167068,0.045696,-0.114312,0.000000,0.000000,-9.810000,0.5
ea7288b8-b6a0-012d-8156-257aba6bd796,149300433,1686767222002923694,-0.033778,-0.033115,-0.005486,0.496762396,0.503460606,-0.475275570,0.523323679,0.065801,-0.413533,0.280929,-0.167091,0.048523,-0.116545,0.000000,0.000000,-9.810000,0.5
ea7288b8-b6a0-012d-8156-257aba6bd796,149301387,1686767222002923694,-0.034152,-0.033399,-0.005559,0.496701996,0.503539749,-0.475253800,0.523324635,0.066651,-0.414354,0.281342,-0.168810,0.051715,-0.120577,0.000000,0.000000,-9.810000,0.5
ea7288b8-b6a0-012d-8156-257aba6bd796,149302386,1686767222002923694,-0.034545,-0.033697,-0.005635,0.496637917,0.503624332,-0.475229634,0.523326003,0.066669,-0.414819,0.281278,-0.175493,0.052479,-0.118368,0.000000,0.000000,-9.810000,0.5
ea7288b8-b6a0-012d-8156-257aba6bd796,149302610,1686767222102923694,-0.034633,-0.033764,-0.005652,0.496623439,0.503643429,-0.475223945,0.523326532,0.064074,-0.412982,0.279239,-0.175815,0.049955,-0.118708,0.000000,0.000000,-9.810000,1.0
ea7288b8-b6a0-012d-8156-257aba6bd796,149303128,1686767222102923694,-0.034840,-0.033960,-0.005690,0.496602059,0.503644289,-0.475241527,0.523330026,0.064144,-0.413492,0.279615,-0.175845,0.054285,-0.114718,0.000000,0.000000,-9.810000,1.0
ea7288b8-b6a0-012d-8156-257aba6bd796,149304125,1686767222102923694,-0.035260,-0.034292,-0.005780,0.496541490,0.503727013,-0.475208519,0.523337853,0.063836,-0.414398,0.280063,-0.177117,0.052479,-0.111673,0.000000,0.000000,-9.810000,1.0
ea7288b8-b6a0-012d-8156-257aba6bd796,149305170,1686767222102923694,-0.035701,-0.034641,-0.005876,0.496476767,0.503813669,-0.475175218,0.523346079,0.064482,-0.415508,0.280765,-0.175903,0.049439,-0.119129,0.000000,0.000000,-9.810000,1.0
ea7288b8-b6a0-012d-8156-257aba6bd796,149306124,1686767222102923694,-0.036104,-0.034960,-0.005963,0.496415061,0.503894592,-0.475146498,0.523352781,0.065354,-0.415966,0.280768,-0.181287,0.049472,-0.126501,0.000000,0.000000,-9.810000,1.0
ea7288b8-b6a0-012d-8156-257aba6bd796,149307123,1686767222102923694,-0.036526,-0.035294,-0.006056,0.496347513,0.503981811,-0.475117392,0.523359289,0.065993,-0.416741,0.281085,-0.183694,0.048136,-0.132888,0.000000,0.000000,-9.810000,1.0
ea7288b8-b6a0-012d-8156-257aba6bd796,149308122,1686767222102923694,-0.036950,-0.035629,-0.006148,0.496278954,0.504070097,-0.475088135,0.523365839,0.065970,-0.417593,0.281447,-0.185725,0.049977,-0.130128,0.000000,0.000000,-9.810000,1.0
ea7288b8-b6a0-012d-8156-257aba6bd796,149309122,1686767222102923694,-0.037375,-0.035965,-0.006241,0.496210854,0.504157643,-0.475058277,0.523373187,0.065546,-0.418771,0.282161,-0.184037,0.046978,-0.127770,0.000000,0.000000,-9.810000,1.0
ea7288b8-b6a0-012d-8156-257aba6bd796,149310166,1686767222102923694,-0.037819,-0.036316,-0.006338,0.496140856,0.504249443,-0.475025990,0.523380416,0.066319,-0.419713,0.282671,-0.185309,0.055726,-0.126955,0.000000,0.000000,-9.810000,1.0
ea7288b8-b6a0-012d-8156-257aba6bd796,149311120,1686767222102923694,-0.038226,-0.036638,-0.006427,0.496078138,0.504334389,-0.474995500,0.523385690,0.066613,-0.420877,0.283473,-0.182765,0.056576,-0.128088,0.000000,0.000000,-9.810000,1.0
ea7288b8-b6a0-012d-8156-257aba6bd796,149312119,1686767222102923694,-0.038654,-0.036976,-0.006521,0.496012451,0.504423361,-0.474964132,0.523390671,0.066761,-0.421851,0.283993,-0.183124,0.055746,-0.129022,0.000000,0.000000,-9.810000,1.0
ea7288b8-b6a0-012d-8156-257aba6bd796,149313119,1686767222102923694,-0.039082,-0.037315,-0.006614,0.495946059,0.504510970,-0.474933614,0.523396838,0.065967,-0.422985,0.284576,-0.182133,0.048255,-0.126305,0.000000,0.000000,-9.810000,1.0
ea7288b8-b6a0-012d-8156-257aba6bd796,149314118,1686767222102923694,-0.039511,-0.037654,-0.006706,0.495879025,0.504596657,-0.474904092,0.523404537,0.065825,-0.424012,0.285084,-0.182104,0.045490,-0.126262,0.000000,0.000000,-9.810000,1.0
ea7288b8-b6a0-012d-8156-257aba6bd796,149315163,1686767222102923694,-0.039961,-0.038009,-0.006803,0.495808797,0.504686314,-0.474872751,0.523413061,0.066012,-0.424932,0.285442,-0.184288,0.048125,-0.124753,0.000000,0.000000,-9.810000,1.0
ea7288b8-b6a0-012d-8156-257aba6bd796,149316117,1686767222102923694,-0.040372,-0.038334,-0.006892,0.495744769,0.504770014,-0.474842530,0.523420414,0.066878,-0.425583,0.285571,-0.188194,0.053955,-0.127267,0.000000,0.000000,-9.810000,1.0
ea7288b8-b6a0-012d-8156-257aba6bd796,149317116,1686767222102923694,-0.040804,-0.038674,-0.006986,0.495676237,0.504860262,-0.474809508,0.523428233,0.067155,-0.426021,0.285342,-0.195067,0.053136,-0.129624,0.000000,0.000000,-9.810000,1.0
ea7288b8-b6a0-012d-8156-257aba6bd796,149318115,1686767222102923694,-0.041236,-0.039014,-0.007080,0.495606649,0.504951371,-0.474776919,0.523435803,0.067555,-0.427432,0.286234,-0.190793,0.053461,-0.132200,0.000000,0.000000,-9.810000,1.0
ea7288b8-b6a0-012d-8156-257aba6bd796,149319114,1686767222102923694,-0.041669,-0.039356,-0.007174,0.495537354,0.505040546,-0.474746347,0.523443105,0.066804,-0.428930,0.287156,-0.186024,0.046117,-0.129869,0.000000,0.000000,-9.810000,1.0
ea7288b8-b6a0-012d-8156-257aba6bd796,149320159,1686767222102923694,-0.042124,-0.039715,-0.007272,0.495465884,0.505131179,-0.474716104,0.523450733,0.066923,-0.430498,0.288203,-0.180736,0.046790,-0.129196,0.000000,0.000000,-9.810000,1.0
ea7288b8-b6a0-012d-8156-257aba6bd796,149321113,1686767222102923694,-0.042540,-0.040043,-0.007361,0.495401242,0.505212892,-0.474688244,0.523458321,0.066350,-0.431174,0.288238,-0.184569,0.044257,-0.124502,0.000000,0.000000,-9.810000,1.0
ea7288b8-b6a0-012d-8156-257aba6bd796,149322112,1686767222102923694,-0.042977,-0.040387,-0.007454,0.495332645,0.505298648,-0.474657821,0.523468051,0.066564,-0.431796,0.288241,-0.188919,0.044288,-0.125266,0.000000,0.000000,-9.810000,1.0
ea7288b8-b6a0-012d-8156-257aba6bd796,149323111,1686767222102923694,-0.043414,-0.040730,-0.007547,0.495262725,0.505384950,-0.474626309,0.523479467,0.066225,-0.432387,0.288167,-0.193812,0.041610,-0.122774,0.000000,0.000000,-9.810000,1.0
ea7288b8-b6a0-012d-8156-257aba6bd796,149324111,1686767222102923694,-0.043852,-0.041075,-0.007640,0.495191864,0.505471234,-0.474594072,0.523492423,0.066300,-0.433273,0.288439,-0.195277,0.040773,-0.122668,0.000000,0.000000,-9.810000,1.0
ea7288b8-b6a0-012d-8156-257aba6bd796,149325155,1686767222102923694,-0.044311,-0.041435,-0.007738,0.495117095,0.505562171,-0.474560536,0.523505731,0.066902,-0.434267,0.288860,-0.196063,0.042039,-0.126241,0.000000,0.000000,-9.810000,1.0
ea7288b8-b6a0-012d-8156-257aba6bd796,149326109,1686767222102923694,-0.044730,-0.041764,-0.007828,0.495048590,0.505646032,-0.474530917,0.523516372,0.067515,-0.435603,0.289753,-0.191935,0.043164,-0.130084,0.000000,0.000000,-9.810000,1.0
ea7288b8-b6a0-012d-8156-257aba6bd796,149327108,1686767222102923694,-0.045171,-0.042111,-0.007922,0.494976090,0.505734809,-0.474501756,0.523525602,0.068328,-0.436606,0.290241,-0.191802,0.042771,-0.137077,0.000000,0.000000,-9.810000,1.0
ea7288b8-b6a0-012d-8156-257aba6bd796,149328108,1686767222102923694,-0.045613,-0.042458,-0.008017,0.494902472,0.505824310,-0.474474826,0.523533142,0.068816,-0.437948,0.291104,-0.187723,0.041542,-0.141523,0.000000,0.000000,-9.810000,1.0
ea7288b8-b6a0-012d-8156-257aba6bd796,149329107,1686767222102923694,-0.046056,-0.042806,-0.008113,0.494828171,0.505913535,-0.474449612,0.523540010,0.068916,-0.438913,0.291483,-0.188236,0.038863,-0.143171,0.000000,0.000000,-9.810000,1.0
ea7288b8-b6a0-012d-8156-257aba6bd796,149330152,1686767222102923694,-0.046520,-0.043170,-0.008213,0.494749597,0.506006786,-0.474423857,0.523547489,0.069093,-0.439974,0.291917,-0.188627,0.038134,-0.143586,0.000000,0.000000,-9.810000,1.0
ea7288b8-b6a0-012d-8156-257aba6bd796,149331105,1686767222102923694,-0.046944,-0.043502,-0.008304,0.494677701,0.506091746,-0.474399383,0.523555481,0.068738,-0.440636,0.291936,-0.192913,0.037733,-0.138823,0.000000,0.000000,-9.810000,1.0
ea7288b8-b6a0-012d-8156-257aba6bd796,149332105,1686767222102923694,-0.047389,-0.043852,-0.008399,0.494603391,0.506180566,-0.474370949,0.523565586,0.068563,-0.441553,0.292263,-0.194841,0.041564,-0.132099,0.000000,0.000000,-9.810000,1.0
ea7288b8-b6a0-012d-8156-257aba6bd796,149333104,1686767222102923694,-0.047835,-0.044201,-0.008494,0.494531420,0.506268115,-0.474339760,0.523577179,0.067864,-0.442676,0.292819,-0.194448,0.042003,-0.122904,0.000000,0.000000,-9.810000,1.0
ea7288b8-b6a0-012d-8156-257aba6bd796,149334103,1686767222102923694,-0.048283,-0.044552,-0.008588,0.494461210,0.506353445,-0.474307659,0.523590055,0.067549,-0.443996,0.293639,-0.191221,0.039434,-0.120002,0.000000,0.000000,-9.810000,1.0
ea7288b8-b6a0-012d-8156-257aba6bd796,149335148,1686767222102923694,-0.048752,-0.044919,-0.008687,0.494388123,0.506441424,-0.474275137,0.523603441,0.067838,-0.445208,0.294321,-0.189344,0.038308,-0.121841,0.000000,0.000000,-9.810000,1.0
ea7288b8-b6a0-012d-8156-257aba6bd796,149336102,1686767222102923694,-0.049181,-0.045255,-0.008777,0.494319871,0.506521722,-0.474247795,0.523614972,0.068346,-0.446241,0.294831,-0.188175,0.032919,-0.129901,0.000000,0.000000,-9.810000,1.0
ea7288b8-b6a0-012d-8156-257aba6bd796,149337101,1686767222102923694,-0.049631,-0.045608,-0.008872,0.494245903,0.506606765,-0.474220623,0.523627132,0.068654,-0.446807,0.294751,-0.193503,0.032511,-0.131739,0.000000,0.000000,-9.810000,1.0
ea7288b8-b6a0-012d-8156-257aba6bd796,149338119,1686767222102923694,-0.050090,-0.045967,-0.008969,0.494168162,0.506694984,-0.474193009,0.523640154,0.069090,-0.447568,0.294891,-0.196818,0.030269,-0.136337,0.000000,0.000000,-9.810000,1.0
ea7288b8-b6a0-012d-8156-257aba6bd796,149339099,1686767222102923694,-0.050533,-0.046313,-0.009064,0.494092202,0.506782654,-0.474165378,0.523652015,0.070312,-0.448150,0.294887,-0.202028,0.039743,-0.138611,0.000000,0.000000,-9.810000,1.0
ea7288b8-b6a0-012d-8156-257aba6bd796,149340144,1686767222102923694,-0.051006,-0.046683,-0.009165,0.494011372,0.506879309,-0.474134405,0.523662770,0.071218,-0.449239,0.295419,-0.201679,0.043381,-0.142626,0.000000,0.000000,-9.810000,1.0
ea7288b8-b6a0-012d-8156-257aba6bd796,149341098,1686767222102923694,-0.051438,-0.047021,-0.009258,0.493938402,0.506968299,-0.474104929,0.523672145,0.071065,-0.450102,0.295702,-0.203442,0.046497,-0.136849,0.000000,0.000000,-9.810000,1.0
ea7288b8-b6a0-012d-8156-257aba6bd796,149342097,1686767222102923694,-0.051892,-0.047375,-0.009356,0.493863581,0.507059633,-0.474073133,0.523683069,0.070275,-0.451573,0.296631,-0.198761,0.042052,-0.131305,0.000000,0.000000,-9.810000,1.0
ea7288b8-b6a0-012d-8156-257aba6bd796,149343096,1686767222102923694,-0.052347,-0.047731,-0.009452,0.493789308,0.507149039,-0.474041346,0.523695305,0.070132,-0.452417,0.296882,-0.201220,0.040812,-0.129527,0.000000,0.000000,-9.810000,1.0
ea7288b8-b6a0-012d-8156-257aba6bd796,149344096,1686767222102923694,-0.052804,-0.048087,-0.009549,0.493714639,0.507237912,-0.474010264,0.523707768,0.070297,-0.453788,0.297766,-0.197430,0.038279,-0.132062,0.000000,0.000000,-9.810000,1.0
ea7288b8-b6a0-012d-8156-257aba6bd796,149345140,1686767222102923694,-0.053281,-0.048460,-0.009650,0.493635458,0.507331934,-0.473978404,0.523720170,0.071079,-0.454331,0.297698,-0.203406,0.041097,-0.136234,0.000000,0.000000,-9.810000,1.0
ea7288b8-b6a0-012d-8156-257aba6bd796,149346094,1686767222102923694,-0.053718,-0.048801,-0.009744,0.493562441,0.507420592,-0.473948815,0.523729874,0.072275,-0.455418,0.298362,-0.201994,0.047470,-0.141322,0.000000,0.000000,-9.810000,1.0
ea7288b8-b6a0-012d-8156-257aba6bd796,149347094,1686767222102923694,-0.054177,-0.049158,-0.009843,0.493485427,0.507516015,-0.473916757,0.523738995,0.072682,-0.455793,0.298121,-0.209479,0.049618,-0.142165,0.000000,0.000000,-9.810000,1.0
ea7288b8-b6a0-012d-8156-257aba6bd796,149348093,1686767222102923694,-0.054635,-0.049516,-0.009941,0.493407960,0.507610876,-0.473884285,0.523749432,0.071864,-0.457175,0.298971,-0.205564,0.043616,-0.137977,0.000000,0.000000,-9.810000,1.0
ea7288b8-b6a0-012d-8156-257aba6bd796,149349092,1686767222102923694,-0.055096,-0.049875,-0.010039,0.493331206,0.507703503,-0.473852386,0.523760814,0.071715,-0.458312,0.299590,-0.204410,0.043241,-0.135657,0.000000,0.000000,-9.810000,1.0
ea7288b8-b6a0-012d-8156-257aba6bd796,149350137,1686767222102923694,-0.055578,-0.050251,-0.010142,0.493251806,0.507800180,-0.473818850,0.523772213,0.072180,-0.459531,0.300341,-0.202823,0.046099,-0.136719,0.000000,0.000000,-9.810000,1.0
ea7288b8-b6a0-012d-8156-257aba6bd796,149351090,1686767222102923694,-0.056019,-0.050595,-0.010236,0.493179403,0.507890184,-0.473787621,0.523781374,0.073077,-0.460185,0.300520,-0.206567,0.051206,-0.140165,0.000000,0.000000,-9.810000,1.0
ea7288b8-b6a0-012d-8156-257aba6bd796,149352090,1686767222102923694,-0.056482,-0.050955,-0.010335,0.493103255,0.507985928,-0.473753849,0.523790767,0.072924,-0.461163,0.300961,-0.207613,0.050927,-0.137987,0.000000,0.000000,-9.810000,1.0
ea7288b8-b6a0-012d-8156-257aba6bd796,149353089,1686767222102923694,-0.056945,-0.051317,-0.010435,0.493026468,0.508081770,-0.473719910,0.523800786,0.073132,-0.461982,0.301275,-0.209983,0.049335,-0.140489,0.000000,0.000000,-9.810000,1.0
ea7288b8-b6a0-012d-8156-257aba6bd796,149354088,1686767222102923694,-0.057410,-0.051678,-0.010534,0.492947892,0.508177776,-0.473686107,0.523812176,0.072755,-0.462664,0.301421,-0.213937,0.044810,-0.139742,0.000000,0.000000,-9.810000,1.0
ea7288b8-b6a0-012d-8156-257aba6bd796,149355133,1686767222102923694,-0.057896,-0.052057,-0.010637,0.492862854,0.508278133,-0.473651648,0.523825985,0.072726,-0.463376,0.301603,-0.217534,0.038688,-0.144077,0.000000,0.000000,-9.810000,1.0
ea7288b8-b6a0-012d-8156-257aba6bd796,149356087,1686767222102923694,-0.058340,-0.052403,-0.010731,0.492784141,0.508369427,-0.473621200,0.523838978,0.072689,-0.464596,0.302465,-0.214369,0.039038,-0.142911,0.000000,0.000000,-9.810000,1.0
ea7288b8-b6a0-012d-8156-257aba6bd796,149357086,1686767222102923694,-0.058807,-0.052767,-0.010830,0.492703185,0.508465478,-0.473588613,0.523851367,0.073354,-0.465595,0.303105,-0.214234,0.046273,-0.142796,0.000000,0.000000,-9.810000,1.0
ea7288b8-b6a0-012d-8156-257aba6bd796,149358085,1686767222102923694,-0.059275,-0.053131,-0.010930,0.492623618,0.508563582,-0.473553065,0.523863101,0.073607,-0.466127,0.303159,-0.220004,0.053087,-0.139081,0.000000,0.000000,-9.810000,1.0
ea7288b8-b6a0-012d-8156-257aba6bd796,149359084,1686767222102923694,-0.059742,-0.053495,-0.011029,0.492543284,0.508663128,-0.473514963,0.523876431,0.073291,-0.466565,0.303034,-0.226877,0.049556,-0.138676,0.000000,0.000000,-9.810000,1.0
ea7288b8-b6a0-012d-8156-257aba6bd796,149360129,1686767222102923694,-0.060232,-0.053876,-0.011133,0.492457627,0.508768059,-0.473474400,0.523891726,0.073539,-0.467476,0.303462,-0.228712,0.050526,-0.140063,0.000000,0.000000,-9.810000,1.0
ea7288b8-b6a0-012d-8156-257aba6bd796,149361083,1686767222102923694,-0.060681,-0.054225,-0.011228,0.492379573,0.508863670,-0.473438474,0.523904699,0.073638,-0.469012,0.304710,-0.221933,0.049263,-0.142174,0.000000,0.000000,-9.810000,1.0
ea7288b8-b6a0-012d-8156-257aba6bd796,149362082,1686767222102923694,-0.061151,-0.054592,-0.011328,0.492299865,0.508963261,-0.473401524,0.523916252,0.074003,-0.470371,0.305764,-0.217915,0.056060,-0.140143,0.000000,0.000000,-9.810000,1.0
ea7288b8-b6a0-012d-8156-257aba6bd796,149363082,1686767222102923694,-0.061623,-0.054960,-0.011428,0.492221816,0.509062193,-0.473364006,0.523927367,0.073420,-0.471437,0.306419,-0.217280,0.052962,-0.137273,0.000000,0.000000,-9.810000,1.0
ea7288b8-b6a0-012d-8156-257aba6bd796,149364081,1686767222102923694,-0.062096,-0.055329,-0.011527,0.492143392,0.509161604,-0.473325073,0.523939613,0.073695,-0.471740,0.306270,-0.225157,0.056935,-0.136876,0.000000,0.000000,-9.810000,1.0
ea7288b8-b6a0-012d-8156-257aba6bd796,149365126,1686767222102923694,-0.062590,-0.055714,-0.011632,0.492059507,0.509268991,-0.473281850,0.523953076,0.074334,-0.472042,0.306119,-0.233340,0.059838,-0.141168,0.000000,0.000000,-9.810000,1.0
ea7288b8-b6a0-012d-8156-257aba6bd796,149366079,1686767222102923694,-0.063041,-0.056065,-0.011728,0.491980927,0.509370312,-0.473241297,0.523965006,0.075105,-0.472608,0.306260,-0.237831,0.063282,-0.146484,0.000000,0.000000,-9.810000,1.0
ea7288b8-b6a0-012d-8156-257aba6bd796,149367078,1686767222102923694,-0.063515,-0.056434,-0.011828,0.491896986,0.509477373,-0.473199521,0.523977457,0.074601,-0.473737,0.306940,-0.236592,0.057284,-0.147342,0.000000,0.000000,-9.810000,1.0
ea7288b8-b6a0-012d-8156-257aba6bd796,149368078,1686767222102923694,-0.063990,-0.056805,-0.011929,0.491811925,0.509583006,-0.473159247,0.523990951,0.074127,-0.474798,0.307574,-0.236250,0.053004,-0.146970,0.000000,0.000000,-9.810000,1.0
ea7288b8-b6a0-012d-8156-257aba6bd796,149369077,1686767222102923694,-0.064465,-0.057175,-0.012028,0.491726040,0.509688054,-0.473118922,0.524005797,0.073793,-0.475469,0.307783,-0.240381,0.051945,-0.145326,0.000000,0.000000,-9.810000,1.0
ea7288b8-b6a0-012d-8156-257aba6bd796,149370122,1686767222102923694,-0.064963,-0.057563,-0.012132,0.491635963,0.509798594,-0.473075244,0.524022220,0.073868,-0.476336,0.308219,-0.242651,0.054982,-0.144446,0.000000,0.000000,-9.810000,1.0
ea7288b8-b6a0-012d-8156-257aba6bd796,149371078,1686767222102923694,-0.065419,-0.057919,-0.012228,0.491554521,0.509899779,-0.473034261,0.524037170,0.073563,-0.477558,0.309076,-0.240210,0.056180,-0.141306,0.000000,0.000000,-9.810000,1.0
ea7288b8-b6a0-012d-8156-257aba6bd796,149372075,1686767222102923694,-0.065896,-0.058291,-0.012326,0.491470834,0.510004204,-0.472991510,0.524052634,0.073256,-0.478772,0.309888,-0.237864,0.055314,-0.139908,0.000000,0.000000,-9.810000,1.0
ea7288b8-b6a0-012d-8156-257aba6bd796,149373074,1686767222102923694,-0.066375,-0.058664,-0.012426,0.491386280,0.510109480,-0.472948762,0.524068040,0.073636,-0.479345,0.310030,-0.242360,0.056218,-0.144136,0.000000,0.000000,-9.810000,1.0
ea7288b8-b6a0-012d-8156-257aba6bd796,149374073,1686767222102923694,-0.066854,-0.059038,-0.012525,0.491298990,0.510217617,-0.472905603,0.524083558,0.074137,-0.479639,0.309846,-0.250017,0.056656,-0.150069,0.000000,0.000000,-9.810000,1.0
ea7288b8-b6a0-012d-8156-257aba6bd796,149375118,1686767222102923694,-0.067356,-0.059429,-0.012629,0.491204934,0.510333046,-0.472860068,0.524100421,0.074101,-0.480313,0.310016,-0.254089,0.055355,-0.152191,0.000000,0.000000,-9.810000,1.0
ea7288b8-b6a0-012d-8156-257aba6bd796,149376072,1686767222102923694,-0.067814,-0.059786,-0.012724,0.491117825,0.510439576,-0.472818148,0.524116132,0.074189,-0.481030,0.310310,-0.256567,0.056836,-0.153178,0.000000,0.000000,-9.810000,1.0
ea7288b8-b6a0-012d-8156-257aba6bd796,149377071,1686767222102923694,-0.068295,-0.060161,-0.012824,0.491026583,0.510551346,-0.472773458,0.524133070,0.073696,-0.482008,0.310838,-0.257012,0.056260,-0.150359,0.000000,0.000000,-9.810000,1.0
ea7288b8-b6a0-012d-8156-257aba6bd796,149378070,1686767222102923694,-0.068777,-0.060537,-0.012923,0.490935445,0.510663712,-0.472728292,0.524149715,0.074190,-0.482932,0.311386,-0.257718,0.059769,-0.153851,0.000000,0.000000,-9.810000,1.0
ea7288b8-b6a0-012d-8156-257aba6bd796,149379070,1686767222102923694,-0.069260,-0.060913,-0.013023,0.490843736,0.510777332,-0.472683504,0.524165288,0.074238,-0.483918,0.311986,-0.257592,0.059234,-0.156458,0.000000,0.000000,-9.810000,1.0
ea7288b8-b6a0-012d-8156-257aba6bd796,149380129,1686767222102923694,-0.069772,-0.061313,-0.013128,0.490746089,0.510898129,-0.472636639,0.524181252,0.074195,-0.484983,0.312624,-0.257125,0.059631,-0.157612,0.000000,0.000000,-9.810000,1.0
ea7288b8-b6a0-012d-8156-257aba6bd796,149381068,1686767222102923694,-0.070227,-0.061668,-0.013222,0.490659529,0.511005718,-0.472594820,0.524195116,0.074178,-0.485767,0.312982,-0.258606,0.061549,-0.157550,0.000000,0.000000,-9.810000,1.0
ea7288b8-b6a0-012d-8156-257aba6bd796,149382068,1686767222102923694,-0.070712,-0.062047,-0.013322,0.490567889,0.511121472,-0.472548962,0.524209373,0.074435,-0.486597,0.313406,-0.260248,0.066835,-0.157115,0.000000,0.000000,-9.810000,1.0
ea7288b8-b6a0-012d-8156-257aba6bd796,149383067,1686767222102923694,-0.071198,-0.062426,-0.013421,0.490476592,0.511238074,-0.472501827,0.524223586,0.074159,-0.487347,0.313733,-0.262382,0.066628,-0.156088,0.000000,0.000000,-9.810000,1.0
ea7288b8-b6a0-012d-8156-257aba6bd796,149384066,1686767222102923694,-0.071684,-0.062805,-0.013520,0.490384320,0.511354786,-0.472454111,0.524239081,0.073691,-0.487937,0.313882,-0.266128,0.063733,-0.155667,0.000000,0.000000,-9.810000,1.0
ea7288b8-b6a0-012d-8156-257aba6bd796,149385111,1686767222102923694,-0.072193,-0.063202,-0.013623,0.490286608,0.511476241,-0.472404043,0.524257110,0.072987,-0.488771,0.314303,-0.267537,0.059964,-0.153855,0.000000,0.000000,-9.810000,1.0
ea7288b8-b6a0-012d-8156-257aba6bd796,149386065,1686767222102923694,-0.072658,-0.063565,-0.013717,0.490196205,0.511588445,-0.472357880,0.524273762,0.073814,-0.489126,0.314332,-0.272848,0.064806,-0.159499,0.000000,0.000000,-9.810000,1.0
ea7288b8-b6a0-012d-8156-257aba6bd796,149387064,1686767222102923694,-0.073145,-0.063946,-0.013817,0.490099633,0.511708866,-0.472309630,0.524289995,0.074320,-0.489850,0.314692,-0.274424,0.064710,-0.166099,0.000000,0.000000,-9.810000,1.0
ea7288b8-b6a0-012d-8156-257aba6bd796,149388063,1686767222102923694,-0.073633,-0.064326,-0.013916,0.490000791,0.511831099,-0.472261877,0.524306084,0.074367,-0.490307,0.314682,-0.279602,0.063589,-0.168862,0.000000,0.000000,-9.810000,1.0
ea7288b8-b6a0-012d-8156-257aba6bd796,149389062,1686767222102923694,-0.074121,-0.064708,-0.014015,0.489899690,0.511954458,-0.472214177,0.524323086,0.074223,-0.490958,0.314854,-0.282811,0.060766,-0.171157,0.000000,0.000000,-9.810000,1.0
ea7288b8-b6a0-012d-8156-257aba6bd796,149390107,1686767222102923694,-0.074633,-0.065107,-0.014119,0.489792663,0.512084665,-0.472163796,0.524341294,0.074421,-0.491641,0.315070,-0.286147,0.063763,-0.171964,0.000000,0.000000,-9.810000,1.0
ea7288b8-b6a0-012d-8156-257aba6bd796,149391061,1686767222102923694,-0.075100,-0.065472,-0.014214,0.489694603,0.512204898,-0.472117502,0.524357133,0.074794,-0.492545,0.315647,-0.285376,0.065362,-0.175528,0.000000,0.000000,-9.810000,1.0
ea7288b8-b6a0-012d-8156-257aba6bd796,149392060,1686767222102923694,-0.075591,-0.065855,-0.014314,0.489592096,0.512331800,-0.472069254,0.524372316,0.075111,-0.493490,0.316260,-0.284415,0.068622,-0.176717,0.000000,0.000000,-9.810000,1.0
ea7288b8-b6a0-012d-8156-257aba6bd796,149393059,1686767222102923694,-0.076082,-0.066239,-0.014414,0.489489758,0.512459405,-0.472021564,0.524386097,0.075455,-0.494538,0.316961,-0.282258,0.068810,-0.180458,0.000000,0.000000,-9.810000,1.0
ea7288b8-b6a0-012d-8156-257aba6bd796,149394058,1686767222102923694,-0.076574,-0.066623,-0.014514,0.489386683,0.512588567,-0.471974239,0.524398659,0.076085,-0.495109,0.317086,-0.285663,0.072285,-0.184094,0.000000,0.000000,-9.810000,1.0
ea7288b8-b6a0-012d-8156-257aba6bd796,149395103,1686767222102923694,-0.077089,-0.067026,-0.014620,0.489277302,0.512726781,-0.471924173,0.524410664,0.076975,-0.495607,0.317119,-0.290095,0.075514,-0.190449,0.000000,0.000000,-9.810000,1.0
ea7288b8-b6a0-012d-8156-257aba6bd796,149396057,1686767222102923694,-0.077560,-0.067394,-0.014717,0.489176103,0.512854912,-0.471877919,0.524421404,0.076922,-0.496168,0.317209,-0.293352,0.075484,-0.190075,0.000000,0.000000,-9.810000,1.0
ea7288b8-b6a0-012d-8156-257aba6bd796,149397056,1686767222102923694,-0.078053,-0.067779,-0.014818,0.489069690,0.512989090,-0.471828356,0.524434013,0.076468,-0.496876,0.317352,-0.295800,0.074072,-0.186636,0.000000,0.000000,-9.810000,1.0
ea7288b8-b6a0-012d-8156-257aba6bd796,149398056,1686767222102923694,-0.078547,-0.068165,-0.014919,0.488963791,0.513122600,-0.471777499,0.524447900,0.076187,-0.497768,0.317708,-0.296010,0.074936,-0.182468,0.000000,0.000000,-9.810000,1.0
ea7288b8-b6a0-012d-8156-257aba6bd796,149399055,1686767222102923694,-0.079059,-0.068593,-0.014984,0.489239047,0.513288082,-0.471787704,0.524019907,0.076187,-0.498210,0.318431,-0.297254,0.076154,-0.182583,0.000000,0.000000,-9.810000,1.0
